controller,family,seed,condition,scenario,IAE,ISE,SSE,ControlEnergy,SaturationFraction
Residual SAC-LQR,RL hybrid,0.0,nominal,step_nominal,12.332928587786212,811.364608987501,0.6022650560769591,142.5132157268851,0.4810379241516966
Residual SAC-LQR,RL hybrid,0.0,nominal,step_load_disturbance,12.2650191000405,811.749784932735,0.1036322354886181,150.24836126653585,0.4850299401197604
Residual SAC-LQR,RL hybrid,0.0,nominal,ramp,0.2693562963265643,0.1809830357692657,1.2697963750206045,67.52588626929858,0.0
Residual SAC-LQR,RL hybrid,0.0,nominal,sine,15.560875368743794,1171.3683446467965,1.1725318702361562,163.18340076710004,0.4890219560878243
Residual SAC-LQR,RL hybrid,0.0,ra_plus_50,step_nominal,16.897870351002165,1108.7742162184188,0.6993165135465915,198.2941910697273,0.6726546906187625
Residual SAC-LQR,RL hybrid,0.0,ra_plus_50,step_load_disturbance,17.225915800730384,1119.4163685766257,0.2665382926591633,212.51106630301268,0.7125748502994012
Residual SAC-LQR,RL hybrid,0.0,ra_plus_50,ramp,0.6838675800997198,0.9691112332505072,1.986384783905379,137.99068654070666,0.0
Residual SAC-LQR,RL hybrid,0.0,ra_plus_50,sine,19.60803294221804,1545.7332054779897,1.7974630508881404,203.49719769188485,0.6027944111776448
Residual SAC-LQR,RL hybrid,0.0,j_plus_50,step_nominal,18.359331797498943,1216.1647287128317,0.7119936602565957,211.5769775139652,0.720558882235529
Residual SAC-LQR,RL hybrid,0.0,j_plus_50,step_load_disturbance,18.64833582221491,1226.7945426430729,0.2220868322965259,221.86394879127005,0.7504990019960079
Residual SAC-LQR,RL hybrid,0.0,j_plus_50,ramp,0.8059579481815271,1.3452919393383564,1.8316725443343245,142.68154670467374,0.0
Residual SAC-LQR,RL hybrid,0.0,j_plus_50,sine,20.774007281653223,1666.1683694918584,2.028010806615669,208.82825754341587,0.6367265469061876
Residual SAC-LQR,RL hybrid,0.0,friction,step_nominal,12.584975403873084,829.033613327554,0.5577663541988329,146.24885423485193,0.4910179640718562
Residual SAC-LQR,RL hybrid,0.0,friction,step_load_disturbance,12.53854980888353,829.6055907747752,0.1275642796762071,154.26281710334922,0.499001996007984
Residual SAC-LQR,RL hybrid,0.0,friction,ramp,0.3088596277244425,0.2297791694332134,1.3624118286934532,72.75598497221796,0.0
Residual SAC-LQR,RL hybrid,0.0,friction,sine,15.822810444732657,1195.974146940204,1.253080014412106,165.26137152296548,0.4950099800399201
Residual SAC-LQR,RL hybrid,0.0,saturation,step_nominal,26.940787110977677,1805.0384239789296,7.922247162385119,287.7119999999777,0.998003992015968
Residual SAC-LQR,RL hybrid,0.0,saturation,step_load_disturbance,28.517745020124764,1898.9442789255693,18.426330494000013,287.7119999999777,0.998003992015968
Residual SAC-LQR,RL hybrid,0.0,saturation,ramp,3.022313009536261,21.38771770802629,10.20418583644009,260.61858741353404,0.8023952095808383
Residual SAC-LQR,RL hybrid,0.0,saturation,sine,26.94078711097768,2198.194417903253,7.922247162375385,287.7119999999777,0.998003992015968
Residual SAC-LQR,RL hybrid,0.0,combined_stress,step_nominal,29.81582340925516,2045.102257016664,19.95497979276737,287.7119999999777,0.998003992015968
Residual SAC-LQR,RL hybrid,0.0,combined_stress,step_load_disturbance,31.379524632413023,2167.610659306989,30.325407092927847,287.7119999999777,0.998003992015968
Residual SAC-LQR,RL hybrid,0.0,combined_stress,ramp,5.683073338866496,81.60576464364436,21.70469849578066,272.24595122359653,0.8902195608782435
Residual SAC-LQR,RL hybrid,0.0,combined_stress,sine,29.815823409255163,2399.969373961576,19.95497979275764,287.7119999999777,0.998003992015968
Residual SAC-LQR,RL hybrid,1.0,nominal,step_nominal,12.415925316513786,811.4892428879938,0.9535411323378042,142.37534131216427,0.4770459081836327
Residual SAC-LQR,RL hybrid,1.0,nominal,step_load_disturbance,12.31833672319584,811.7806090940542,0.1612885809847029,147.6610014423832,0.4810379241516966
Residual SAC-LQR,RL hybrid,1.0,nominal,ramp,0.2048872644632592,0.0849376039439796,0.3590753685838166,68.77329129975828,0.0
Residual SAC-LQR,RL hybrid,1.0,nominal,sine,15.697282918611416,1171.7558057680917,0.9297865721092506,161.21444126185946,0.4850299401197604
Residual SAC-LQR,RL hybrid,1.0,ra_plus_50,step_nominal,16.930683166354115,1108.8259981381395,0.9292396848053386,198.0416550186576,0.6686626746506986
Residual SAC-LQR,RL hybrid,1.0,ra_plus_50,step_load_disturbance,17.242324898557214,1119.4264063233218,0.1215889602871413,212.33044159900072,0.7065868263473054
Residual SAC-LQR,RL hybrid,1.0,ra_plus_50,ramp,0.5104823799820182,0.5253189688277996,1.0036796201721074,140.50116665390968,0.0
Residual SAC-LQR,RL hybrid,1.0,ra_plus_50,sine,19.69350824386176,1545.952521066533,1.6679000210697126,201.37580176831509,0.6067864271457086
Residual SAC-LQR,RL hybrid,1.0,j_plus_50,step_nominal,18.380844942957687,1216.2003501837346,0.925033195121486,211.242387720799,0.7145708582834331
Residual SAC-LQR,RL hybrid,1.0,j_plus_50,step_load_disturbance,18.674054941807437,1226.8103816744751,0.2899234245056874,221.54653737858908,0.7445109780439122
Residual SAC-LQR,RL hybrid,1.0,j_plus_50,ramp,0.5638313247477734,0.6431730799236552,1.0313051621012337,140.53194864091097,0.0
Residual SAC-LQR,RL hybrid,1.0,j_plus_50,sine,20.83693640516721,1666.3054670174658,1.8611841452601965,207.28084564761667,0.6287425149700598
Residual SAC-LQR,RL hybrid,1.0,friction,step_nominal,12.660005977607028,829.1376070124109,0.8895804050092124,146.117660539992,0.4870259481037924
Residual SAC-LQR,RL hybrid,1.0,friction,step_load_disturbance,12.575944417254927,829.6260951678245,0.0882389404686847,152.03324476842235,0.4930139720558882
Residual SAC-LQR,RL hybrid,1.0,friction,ramp,0.2355526444623922,0.1121427555837556,0.4183623238154581,74.09790152091051,0.0
Residual SAC-LQR,RL hybrid,1.0,friction,sine,15.952970702701808,1196.3245388215507,1.0009443202756358,163.35653336973795,0.4930139720558882
Residual SAC-LQR,RL hybrid,1.0,saturation,step_nominal,26.940787110977677,1805.0384239789296,7.922247162385119,287.7119999999777,0.998003992015968
Residual SAC-LQR,RL hybrid,1.0,saturation,step_load_disturbance,28.517745020124764,1898.9442789255693,18.426330494000013,287.7119999999777,0.998003992015968
Residual SAC-LQR,RL hybrid,1.0,saturation,ramp,2.740149383612881,17.8396055624634,9.569854681428254,266.90131446286466,0.8243512974051896
Residual SAC-LQR,RL hybrid,1.0,saturation,sine,26.94078711097768,2198.194417903253,7.922247162375385,287.7119999999777,0.998003992015968
Residual SAC-LQR,RL hybrid,1.0,combined_stress,step_nominal,29.81582340925516,2045.102257016664,19.95497979276737,287.7119999999777,0.998003992015968
Residual SAC-LQR,RL hybrid,1.0,combined_stress,step_load_disturbance,31.379524632413023,2167.610659306989,30.325407092927847,287.7119999999777,0.998003992015968
Residual SAC-LQR,RL hybrid,1.0,combined_stress,ramp,5.478086808124292,76.81164921746083,21.27947659195408,276.09022763267296,0.908183632734531
Residual SAC-LQR,RL hybrid,1.0,combined_stress,sine,29.815823409255163,2399.969373961576,19.95497979275764,287.7119999999777,0.998003992015968
Residual SAC-LQR,RL hybrid,2.0,nominal,step_nominal,12.353302624483314,811.3970635179668,0.8533311577068758,141.90579185113893,0.4770459081836327
Residual SAC-LQR,RL hybrid,2.0,nominal,step_load_disturbance,12.297691738323763,811.774514446839,0.2688638285473104,147.29239870231785,0.4850299401197604
Residual SAC-LQR,RL hybrid,2.0,nominal,ramp,0.4293842432875452,0.3754433457636029,0.602839853612295,68.58826640222613,0.0
Residual SAC-LQR,RL hybrid,2.0,nominal,sine,15.662838952914914,1171.7152761809054,0.7352334457545169,161.62831974367907,0.4870259481037924
Residual SAC-LQR,RL hybrid,2.0,ra_plus_50,step_nominal,16.911317815933796,1108.7954294590363,0.8425120549047733,197.7354799158317,0.6666666666666666
Residual SAC-LQR,RL hybrid,2.0,ra_plus_50,step_load_disturbance,17.237554757158737,1119.432930347895,0.1046979912935057,211.62260132669857,0.7085828343313373
Residual SAC-LQR,RL hybrid,2.0,ra_plus_50,ramp,0.7497208371685884,1.1364556343611376,1.3224260088296802,140.03548041855245,0.0
Residual SAC-LQR,RL hybrid,2.0,ra_plus_50,sine,19.65285787257439,1545.8531007341696,1.5706010873711875,201.4926882735253,0.590818363273453
Residual SAC-LQR,RL hybrid,2.0,j_plus_50,step_nominal,18.368769753745067,1216.180264849379,0.8445884270123116,211.17702745028683,0.7145708582834331
Residual SAC-LQR,RL hybrid,2.0,j_plus_50,step_load_disturbance,18.654831734782853,1226.803052474137,0.2420563737092607,221.12524988681685,0.7485029940119761
Residual SAC-LQR,RL hybrid,2.0,j_plus_50,ramp,0.7537426379590905,1.1495822150252493,1.4201661896319564,139.7189093415023,0.0
Residual SAC-LQR,RL hybrid,2.0,j_plus_50,sine,20.785288676504663,1666.1739121323171,1.6172672586089618,207.44554660699012,0.6167664670658682
Residual SAC-LQR,RL hybrid,2.0,friction,step_nominal,12.60155120907982,829.0592147062472,0.7860972433830256,145.6612874099099,0.4870259481037924
Residual SAC-LQR,RL hybrid,2.0,friction,step_load_disturbance,12.57876780137595,829.6370885263458,0.1966446275325637,151.68312067726225,0.497005988023952
Residual SAC-LQR,RL hybrid,2.0,friction,ramp,0.459346294927245,0.4287825007332201,0.6723558902765916,73.88965599462352,0.0
Residual SAC-LQR,RL hybrid,2.0,friction,sine,15.916251044987405,1196.2775401833064,0.7959992743659399,163.77266156399574,0.4930139720558882
Residual SAC-LQR,RL hybrid,2.0,saturation,step_nominal,26.940787110977677,1805.0384239789296,7.922247162385119,287.7119999999777,0.998003992015968
Residual SAC-LQR,RL hybrid,2.0,saturation,step_load_disturbance,28.517745020124764,1898.9442789255693,18.426330494000013,287.7119999999777,0.998003992015968
Residual SAC-LQR,RL hybrid,2.0,saturation,ramp,2.7766092441109373,18.24930168280033,9.64653513299288,267.765604713285,0.8403193612774451
Residual SAC-LQR,RL hybrid,2.0,saturation,sine,26.94078711097768,2198.194417903253,7.922247162375385,287.7119999999777,0.998003992015968
Residual SAC-LQR,RL hybrid,2.0,combined_stress,step_nominal,29.81582340925516,2045.102257016664,19.95497979276737,287.7119999999777,0.998003992015968
Residual SAC-LQR,RL hybrid,2.0,combined_stress,step_load_disturbance,31.379524632413023,2167.610659306989,30.325407092927847,287.7119999999777,0.998003992015968
Residual SAC-LQR,RL hybrid,2.0,combined_stress,ramp,5.548116353088327,78.32985635816729,21.414253128867017,276.40992062100315,0.9221556886227544
Residual SAC-LQR,RL hybrid,2.0,combined_stress,sine,29.815823409255163,2399.969373961576,19.95497979275764,287.7119999999777,0.998003992015968
Residual SAC-LQR,RL hybrid,3.0,nominal,step_nominal,12.314354677403031,811.3642041933109,0.0551604183223588,142.4904848711858,0.4790419161676646
Residual SAC-LQR,RL hybrid,3.0,nominal,step_load_disturbance,12.24647841957703,811.7440057800699,0.0409732722746127,147.9692302541801,0.4870259481037924
Residual SAC-LQR,RL hybrid,3.0,nominal,ramp,0.2507539343730228,0.1316769582565234,0.4139825435219393,69.04662476533949,0.0
Residual SAC-LQR,RL hybrid,3.0,nominal,sine,15.65588955222727,1171.6757087007622,0.7635805667293596,162.5671414408696,0.4870259481037924
Residual SAC-LQR,RL hybrid,3.0,ra_plus_50,step_nominal,16.884463017201167,1108.7590596564405,0.427043279979074,198.17344491893243,0.6706586826347305
Residual SAC-LQR,RL hybrid,3.0,ra_plus_50,step_load_disturbance,17.221376312700045,1119.4175170511917,0.0730257170332322,212.4973044128182,0.7085828343313373
Residual SAC-LQR,RL hybrid,3.0,ra_plus_50,ramp,0.585655431748182,0.7011178969057573,1.0343070812633215,141.19173064874752,0.0
Residual SAC-LQR,RL hybrid,3.0,ra_plus_50,sine,19.68104389743319,1545.9213216473972,1.684349354672463,202.86075306147683,0.6047904191616766
Residual SAC-LQR,RL hybrid,3.0,j_plus_50,step_nominal,18.34507784335152,1216.147836521812,0.4791658407788617,211.42682280182103,0.7145708582834331
Residual SAC-LQR,RL hybrid,3.0,j_plus_50,step_load_disturbance,18.65619976750049,1226.797969327076,0.200213143923662,221.91598693648868,0.7485029940119761
Residual SAC-LQR,RL hybrid,3.0,j_plus_50,ramp,0.5847106811950378,0.7008573617772891,1.0248320281546768,141.13061165747837,0.0
Residual SAC-LQR,RL hybrid,3.0,j_plus_50,sine,20.82226807835974,1666.2670501588511,1.6555420462765795,209.1435410551376,0.6347305389221557
Residual SAC-LQR,RL hybrid,3.0,friction,step_nominal,12.565962393334411,829.0314122611434,0.0287709868117644,146.19195473118623,0.4890219560878243
Residual SAC-LQR,RL hybrid,3.0,friction,step_load_disturbance,12.521023157410228,829.6007749787698,0.048182992579342,152.35315882144238,0.497005988023952
Residual SAC-LQR,RL hybrid,3.0,friction,ramp,0.276799489917142,0.1596009568795461,0.4606595319259554,74.35333600657422,0.0
Residual SAC-LQR,RL hybrid,3.0,friction,sine,15.912295231364942,1196.2432825120186,0.8311816616093921,164.69675763583805,0.4930139720558882
Residual SAC-LQR,RL hybrid,3.0,saturation,step_nominal,26.940787110977677,1805.0384239789296,7.922247162385119,287.7119999999777,0.998003992015968
Residual SAC-LQR,RL hybrid,3.0,saturation,step_load_disturbance,28.517745020124764,1898.9442789255693,18.426330494000013,287.7119999999777,0.998003992015968
Residual SAC-LQR,RL hybrid,3.0,saturation,ramp,2.89877118803068,19.68267581599703,9.901035639646196,266.33510222472154,0.8403193612774451
Residual SAC-LQR,RL hybrid,3.0,saturation,sine,26.94078711097768,2198.194417903253,7.922247162375385,287.7119999999777,0.998003992015968
Residual SAC-LQR,RL hybrid,3.0,combined_stress,step_nominal,29.81582340925516,2045.102257016664,19.95497979276737,287.7119999999777,0.998003992015968
Residual SAC-LQR,RL hybrid,3.0,combined_stress,step_load_disturbance,31.379524632413023,2167.610659306989,30.325407092927847,287.7119999999777,0.998003992015968
Residual SAC-LQR,RL hybrid,3.0,combined_stress,ramp,5.631289211967113,80.21829260441584,21.58055818782097,275.5248939294872,0.9121756487025948
Residual SAC-LQR,RL hybrid,3.0,combined_stress,sine,29.815823409255163,2399.969373961576,19.95497979275764,287.7119999999777,0.998003992015968
Residual SAC-LQR,RL hybrid,4.0,nominal,step_nominal,12.33519432675612,811.3708635465899,0.6056173055775105,141.66050803315736,0.4750499001996008
Residual SAC-LQR,RL hybrid,4.0,nominal,step_load_disturbance,12.400905128382549,811.8634882909963,0.7433448990998244,148.58808335173453,0.4870259481037924
Residual SAC-LQR,RL hybrid,4.0,nominal,ramp,0.3426068078379057,0.2658436416304292,0.6561533654793692,68.5176301503405,0.0
Residual SAC-LQR,RL hybrid,4.0,nominal,sine,15.637527474381136,1171.56776643877,1.059688943787691,161.49811243010856,0.4850299401197604
Residual SAC-LQR,RL hybrid,4.0,ra_plus_50,step_nominal,16.90148374477525,1108.780388818189,0.7106727956247596,197.7483714961321,0.6686626746506986
Residual SAC-LQR,RL hybrid,4.0,ra_plus_50,step_load_disturbance,17.282302158900613,1119.458126492189,0.6297557092986068,213.45712714420017,0.7125748502994012
Residual SAC-LQR,RL hybrid,4.0,ra_plus_50,ramp,0.6286760582607159,0.8250776658255208,1.2601901319488178,140.18947204811357,0.0
Residual SAC-LQR,RL hybrid,4.0,ra_plus_50,sine,19.649375962754245,1545.8266187353684,1.7096138030589998,202.23870446773037,0.5888223552894212
Residual SAC-LQR,RL hybrid,4.0,j_plus_50,step_nominal,18.360259832016308,1216.168376003394,0.719606510598453,210.91291600166812,0.7125748502994012
Residual SAC-LQR,RL hybrid,4.0,j_plus_50,step_load_disturbance,18.70791587251681,1226.8448635197628,0.7433947896258815,222.7280210973156,0.7504990019960079
Residual SAC-LQR,RL hybrid,4.0,j_plus_50,ramp,0.6976656508729424,1.0571745862214526,1.1788932704438793,140.6104362621225,0.0
Residual SAC-LQR,RL hybrid,4.0,j_plus_50,sine,20.79758604872016,1666.2060683842174,1.9330769843180065,207.5204791977469,0.6187624750499002
Residual SAC-LQR,RL hybrid,4.0,friction,step_nominal,12.588390560324154,829.0411483073112,0.5672757681635971,145.42348163930706,0.4850299401197604
Residual SAC-LQR,RL hybrid,4.0,friction,step_load_disturbance,12.660249181324076,829.700278965467,0.6858528227130307,152.99091726291908,0.499001996007984
Residual SAC-LQR,RL hybrid,4.0,friction,ramp,0.3732379546868959,0.3135736465534972,0.7032632787086186,73.85657477638054,0.0
Residual SAC-LQR,RL hybrid,4.0,friction,sine,15.897435646359812,1196.1563795042057,1.127461752427493,163.6346251508226,0.4910179640718562
Residual SAC-LQR,RL hybrid,4.0,saturation,step_nominal,26.940787110977677,1805.0384239789296,7.922247162385119,287.7119999999777,0.998003992015968
Residual SAC-LQR,RL hybrid,4.0,saturation,step_load_disturbance,28.517745020124764,1898.9442789255693,18.426330494000013,287.7119999999777,0.998003992015968
Residual SAC-LQR,RL hybrid,4.0,saturation,ramp,3.0052922399426625,20.970547094032455,10.115490366473663,265.4972677480173,0.846307385229541
Residual SAC-LQR,RL hybrid,4.0,saturation,sine,26.94078711097768,2198.194417903253,7.922247162375385,287.7119999999777,0.998003992015968
Residual SAC-LQR,RL hybrid,4.0,combined_stress,step_nominal,29.81582340925516,2045.102257016664,19.95497979276737,287.7119999999777,0.998003992015968
Residual SAC-LQR,RL hybrid,4.0,combined_stress,step_load_disturbance,31.379524632413023,2167.610659306989,30.325407092927847,287.7119999999777,0.998003992015968
Residual SAC-LQR,RL hybrid,4.0,combined_stress,ramp,5.6514339866385015,80.7228626644614,21.624819453392877,274.4237824417908,0.9101796407185628
Residual SAC-LQR,RL hybrid,4.0,combined_stress,sine,29.815823409255163,2399.969373961576,19.95497979275764,287.7119999999777,0.998003992015968
Residual SAC-LQR,RL hybrid,5.0,nominal,step_nominal,12.380165273389212,811.4291322353912,0.7546366433226268,142.54164234304122,0.4810379241516966
Residual SAC-LQR,RL hybrid,5.0,nominal,step_load_disturbance,12.347749277689784,811.8035506584348,0.6361690831806328,148.06011671217527,0.4830339321357285
Residual SAC-LQR,RL hybrid,5.0,nominal,ramp,0.2325159576424427,0.1224875915368382,0.3524924141904506,69.43002604265365,0.0
Residual SAC-LQR,RL hybrid,5.0,nominal,sine,15.676982746026075,1171.731620307556,0.8124008032703358,161.38371146032347,0.4870259481037924
Residual SAC-LQR,RL hybrid,5.0,ra_plus_50,step_nominal,16.919855066717727,1108.8066615217308,0.828061570176942,198.27206757481625,0.6726546906187625
Residual SAC-LQR,RL hybrid,5.0,ra_plus_50,step_load_disturbance,17.26254530735315,1119.4402654705157,0.5176772029822132,212.7849745546525,0.7065868263473054
Residual SAC-LQR,RL hybrid,5.0,ra_plus_50,ramp,0.5446285037072224,0.6055285827363006,1.002896248658388,141.60228505910436,0.0
Residual SAC-LQR,RL hybrid,5.0,ra_plus_50,sine,19.66137581299986,1545.8663200064257,1.5768022980844163,201.1602827735506,0.5888223552894212
Residual SAC-LQR,RL hybrid,5.0,j_plus_50,step_nominal,18.37308396681216,1216.1855407606108,0.8340772056465227,211.82628803822763,0.720558882235529
Residual SAC-LQR,RL hybrid,5.0,j_plus_50,step_load_disturbance,18.6915416953921,1226.8262453543607,0.6352458556211928,222.04142196124937,0.7465069860279441
Residual SAC-LQR,RL hybrid,5.0,j_plus_50,ramp,0.5874710158396566,0.7346807675769148,1.023573129712105,142.60339029010797,0.0
Residual SAC-LQR,RL hybrid,5.0,j_plus_50,sine,20.795074973988797,1666.191447325526,1.5936370267093167,207.430996875166,0.6147704590818364
Residual SAC-LQR,RL hybrid,5.0,friction,step_nominal,12.627219205627082,829.0866766971172,0.6932006802528576,146.3057539734467,0.4910179640718562
Residual SAC-LQR,RL hybrid,5.0,friction,step_load_disturbance,12.607266723837926,829.6463334524359,0.5751749811057323,152.4652415884611,0.4950099800399201
Residual SAC-LQR,RL hybrid,5.0,friction,ramp,0.2600762128926305,0.1489834949139349,0.4115888453873708,74.68196734754625,0.0
Residual SAC-LQR,RL hybrid,5.0,friction,sine,15.929838148852271,1196.2913171873893,0.871581244116058,163.5117612424752,0.4930139720558882
Residual SAC-LQR,RL hybrid,5.0,saturation,step_nominal,26.940787110977677,1805.0384239789296,7.922247162385119,287.7119999999777,0.998003992015968
Residual SAC-LQR,RL hybrid,5.0,saturation,step_load_disturbance,28.517745020124764,1898.9442789255693,18.426330494000013,287.7119999999777,0.998003992015968
Residual SAC-LQR,RL hybrid,5.0,saturation,ramp,3.0631834560547406,21.61261236117536,10.217020720662404,268.79964323367943,0.8782435129740519
Residual SAC-LQR,RL hybrid,5.0,saturation,sine,26.94078711097768,2198.194417903253,7.922247162375385,287.7119999999777,0.998003992015968
Residual SAC-LQR,RL hybrid,5.0,combined_stress,step_nominal,29.81582340925516,2045.102257016664,19.95497979276737,287.7119999999777,0.998003992015968
Residual SAC-LQR,RL hybrid,5.0,combined_stress,step_load_disturbance,31.379524632413023,2167.610659306989,30.325407092927847,287.7119999999777,0.998003992015968
Residual SAC-LQR,RL hybrid,5.0,combined_stress,ramp,5.704584818647123,81.8560869124976,21.721648906833224,275.6630661669233,0.9261477045908184
Residual SAC-LQR,RL hybrid,5.0,combined_stress,sine,29.815823409255163,2399.969373961576,19.95497979275764,287.7119999999777,0.998003992015968
Residual SAC-LQR,RL hybrid,6.0,nominal,step_nominal,12.335662483120108,811.375747760425,0.2364130936548463,141.57934623531904,0.4750499001996008
Residual SAC-LQR,RL hybrid,6.0,nominal,step_load_disturbance,12.396770805794812,811.8602328071569,0.5762887511806412,147.96045911441993,0.4810379241516966
Residual SAC-LQR,RL hybrid,6.0,nominal,ramp,0.2632977429860106,0.1681797605694436,0.8649262054645988,68.05382729998212,0.0
Residual SAC-LQR,RL hybrid,6.0,nominal,sine,15.621627371065424,1171.5737865038996,0.93775815459486,161.61755189728996,0.4850299401197604
Residual SAC-LQR,RL hybrid,6.0,ra_plus_50,step_nominal,16.885660346278613,1108.7645693410798,0.377333916364492,197.04847141117924,0.6646706586826348
Residual SAC-LQR,RL hybrid,6.0,ra_plus_50,step_load_disturbance,17.27934632168571,1119.456901976221,0.5549651530629234,212.9156349432683,0.7045908183632734
Residual SAC-LQR,RL hybrid,6.0,ra_plus_50,ramp,0.5831907556800784,0.7169332043294584,1.5438374147439902,138.88750506975825,0.0
Residual SAC-LQR,RL hybrid,6.0,ra_plus_50,sine,19.61867420581771,1545.7500804375215,1.711675908332225,201.29183431800823,0.5888223552894212
Residual SAC-LQR,RL hybrid,6.0,j_plus_50,step_nominal,18.34206766882743,1216.1480222432845,0.3798674740506556,210.4995632639909,0.7125748502994012
Residual SAC-LQR,RL hybrid,6.0,j_plus_50,step_load_disturbance,18.704647176065595,1226.841389279406,0.6770646268457625,222.2546495514384,0.7445109780439122
Residual SAC-LQR,RL hybrid,6.0,j_plus_50,ramp,0.5997255280441852,0.7596308301257275,1.6036436700977674,138.71975008843754,0.0
Residual SAC-LQR,RL hybrid,6.0,j_plus_50,sine,20.75326552138084,1666.1003412220743,1.715365720578987,207.27906102300912,0.6147704590818364
Residual SAC-LQR,RL hybrid,6.0,friction,step_nominal,12.5860491010005,829.0426169644675,0.1882434779580961,145.31507898699314,0.4850299401197604
Residual SAC-LQR,RL hybrid,6.0,friction,step_load_disturbance,12.655510752481472,829.696808282324,0.5301624844126707,152.38425277367045,0.4930139720558882
Residual SAC-LQR,RL hybrid,6.0,friction,ramp,0.293450240492029,0.2026400927108329,0.9278454856898009,73.34084817530166,0.0
Residual SAC-LQR,RL hybrid,6.0,friction,sine,15.875720147713016,1196.1446155035603,0.9977072930879132,163.77800111785956,0.4930139720558882
Residual SAC-LQR,RL hybrid,6.0,saturation,step_nominal,26.940787110977677,1805.0384239789296,7.922247162385119,287.7119999999777,0.998003992015968
Residual SAC-LQR,RL hybrid,6.0,saturation,step_load_disturbance,28.517745020124764,1898.9442789255693,18.426330494000013,287.7119999999777,0.998003992015968
Residual SAC-LQR,RL hybrid,6.0,saturation,ramp,2.5730612211958865,16.039187148487308,9.233738462342032,268.4729172797674,0.8343313373253493
Residual SAC-LQR,RL hybrid,6.0,saturation,sine,26.94078711097768,2198.194417903253,7.922247162375385,287.7119999999777,0.998003992015968
Residual SAC-LQR,RL hybrid,6.0,combined_stress,step_nominal,29.81582340925516,2045.102257016664,19.95497979276737,287.7119999999777,0.998003992015968
Residual SAC-LQR,RL hybrid,6.0,combined_stress,step_load_disturbance,31.379524632413023,2167.610659306989,30.325407092927847,287.7119999999777,0.998003992015968
Residual SAC-LQR,RL hybrid,6.0,combined_stress,ramp,5.352626486882826,74.04156183873718,21.02778611563548,277.735120663838,0.9181636726546906
Residual SAC-LQR,RL hybrid,6.0,combined_stress,sine,29.815823409255163,2399.969373961576,19.95497979275764,287.7119999999777,0.998003992015968
Residual SAC-LQR,RL hybrid,7.0,nominal,step_nominal,12.369914036818582,811.421757709776,0.9051066852411652,142.1499737557389,0.4750499001996008
Residual SAC-LQR,RL hybrid,7.0,nominal,step_load_disturbance,12.33119674115011,811.7902220398396,0.6204511362433607,148.1954468910314,0.4830339321357285
Residual SAC-LQR,RL hybrid,7.0,nominal,ramp,0.2985318831490918,0.2253775289941449,0.405757870903912,69.01892369437978,0.0
Residual SAC-LQR,RL hybrid,7.0,nominal,sine,15.67701211692034,1171.6930540487217,0.8572189942492372,160.56497231695363,0.4850299401197604
Residual SAC-LQR,RL hybrid,7.0,ra_plus_50,step_nominal,16.926615374133593,1108.8170673868583,0.9134254990765528,198.45107138767756,0.6706586826347305
Residual SAC-LQR,RL hybrid,7.0,ra_plus_50,step_load_disturbance,17.260675049645823,1119.436839336854,0.5105762238478917,213.1387252092585,0.7085828343313373
Residual SAC-LQR,RL hybrid,7.0,ra_plus_50,ramp,0.6404302272159057,0.8797598642036143,1.0569356928186124,140.97301560235698,0.0
Residual SAC-LQR,RL hybrid,7.0,ra_plus_50,sine,19.681010630314734,1545.9173647055534,1.625854273774209,201.1322094833375,0.5988023952095808
Residual SAC-LQR,RL hybrid,7.0,j_plus_50,step_nominal,18.38202335355344,1216.199329825385,0.9166637907990208,211.79575102102928,0.716566866267465
Residual SAC-LQR,RL hybrid,7.0,j_plus_50,step_load_disturbance,18.693658613748013,1226.8271135601854,0.6430252492982191,222.4364312286012,0.7465069860279441
Residual SAC-LQR,RL hybrid,7.0,j_plus_50,ramp,0.5737622444183411,0.6793196801417877,1.0286994546884074,140.89946526191184,0.0
Residual SAC-LQR,RL hybrid,7.0,j_plus_50,sine,20.80909089635376,1666.225000601766,1.5755622926122896,207.41467075865305,0.6147704590818364
Residual SAC-LQR,RL hybrid,7.0,friction,step_nominal,12.62269432543377,829.0868456790214,0.8513546012183184,145.93670983859164,0.4870259481037924
Residual SAC-LQR,RL hybrid,7.0,friction,step_load_disturbance,12.59341211096624,829.636575055867,0.565943827950349,152.609900948242,0.4950099800399201
Residual SAC-LQR,RL hybrid,7.0,friction,ramp,0.3190131089816003,0.2466497902486045,0.4555897305744167,74.3242507581844,0.0
Residual SAC-LQR,RL hybrid,7.0,friction,sine,15.931462792098673,1196.2608716475677,0.9124510603891594,162.74122493551,0.4910179640718562
Residual SAC-LQR,RL hybrid,7.0,saturation,step_nominal,26.940787110977677,1805.0384239789296,7.922247162385119,287.7119999999777,0.998003992015968
Residual SAC-LQR,RL hybrid,7.0,saturation,step_load_disturbance,28.517745020124764,1898.9442789255693,18.426330494000013,287.7119999999777,0.998003992015968
Residual SAC-LQR,RL hybrid,7.0,saturation,ramp,2.8283072398032845,18.90902093178836,9.769868117935829,266.29486262760247,0.8323353293413174
Residual SAC-LQR,RL hybrid,7.0,saturation,sine,26.94078711097768,2198.194417903253,7.922247162375385,287.7119999999777,0.998003992015968
Residual SAC-LQR,RL hybrid,7.0,combined_stress,step_nominal,29.81582340925516,2045.102257016664,19.95497979276737,287.7119999999777,0.998003992015968
Residual SAC-LQR,RL hybrid,7.0,combined_stress,step_load_disturbance,31.379524632413023,2167.610659306989,30.325407092927847,287.7119999999777,0.998003992015968
Residual SAC-LQR,RL hybrid,7.0,combined_stress,ramp,5.573042312272237,78.98242884636562,21.473751108587905,275.261970261415,0.9141716566866268
Residual SAC-LQR,RL hybrid,7.0,combined_stress,sine,29.815823409255163,2399.969373961576,19.95497979275764,287.7119999999777,0.998003992015968
Residual SAC-LQR,RL hybrid,8.0,nominal,step_nominal,12.374513310366494,811.421917618192,0.7979364454061368,141.9379573206725,0.4770459081836327
Residual SAC-LQR,RL hybrid,8.0,nominal,step_load_disturbance,12.32385075030916,811.7817340238014,0.4384408066258629,147.75123402396574,0.4830339321357285
Residual SAC-LQR,RL hybrid,8.0,nominal,ramp,0.4616085358345376,0.4793367342995807,0.3824046676879931,69.12093639894186,0.0
Residual SAC-LQR,RL hybrid,8.0,nominal,sine,15.646188731136036,1171.6452105121543,0.7220639009500189,160.9837064900661,0.4850299401197604
Residual SAC-LQR,RL hybrid,8.0,ra_plus_50,step_nominal,16.908799711748824,1108.7901668445668,0.7658471305835519,197.9426143492768,0.6706586826347305
Residual SAC-LQR,RL hybrid,8.0,ra_plus_50,step_load_disturbance,17.24092780380484,1119.4254572458783,0.2635524463767353,212.38379197963053,0.7065868263473054
Residual SAC-LQR,RL hybrid,8.0,ra_plus_50,ramp,0.764598816257596,1.2212140693364362,1.0409730002676554,141.3508440269433,0.0
Residual SAC-LQR,RL hybrid,8.0,ra_plus_50,sine,19.64145683596838,1545.805822547171,1.5306020952731956,201.2760325556335,0.590818363273453
Residual SAC-LQR,RL hybrid,8.0,j_plus_50,step_nominal,18.363321663914967,1216.1715244558577,0.7631293545125715,211.32416008998769,0.718562874251497
Residual SAC-LQR,RL hybrid,8.0,j_plus_50,step_load_disturbance,18.67237759406221,1226.8098181445996,0.3834149078141706,221.4966472365298,0.7445109780439122
Residual SAC-LQR,RL hybrid,8.0,j_plus_50,ramp,0.7023675882402531,1.0235772532987455,1.0485261062856637,141.26266373621726,0.0
Residual SAC-LQR,RL hybrid,8.0,j_plus_50,sine,20.77839161488848,1666.1457164444555,1.5456877640199025,207.50352591811264,0.6167664670658682
Residual SAC-LQR,RL hybrid,8.0,friction,step_nominal,12.619927534793186,829.0780375478199,0.7268717885679905,145.70933111329308,0.4870259481037924
Residual SAC-LQR,RL hybrid,8.0,friction,step_load_disturbance,12.582118787375975,829.6267171050208,0.3584529523722608,152.14595763291345,0.4950099800399201
Residual SAC-LQR,RL hybrid,8.0,friction,ramp,0.4822453645292028,0.5168590254437364,0.4408128744434663,74.43385750941647,0.0
Residual SAC-LQR,RL hybrid,8.0,friction,sine,15.900425683394015,1196.2100774191113,0.7799225865754096,163.1563574166218,0.4910179640718562
Residual SAC-LQR,RL hybrid,8.0,saturation,step_nominal,26.940787110977677,1805.0384239789296,7.922247162385119,287.7119999999777,0.998003992015968
Residual SAC-LQR,RL hybrid,8.0,saturation,step_load_disturbance,28.517745020124764,1898.9442789255693,18.426330494000013,287.7119999999777,0.998003992015968
Residual SAC-LQR,RL hybrid,8.0,saturation,ramp,2.86796800558321,19.224144235687447,9.811851628102332,269.83257855854487,0.8602794411177644
Residual SAC-LQR,RL hybrid,8.0,saturation,sine,26.94078711097768,2198.194417903253,7.922247162375385,287.7119999999777,0.998003992015968
Residual SAC-LQR,RL hybrid,8.0,combined_stress,step_nominal,29.81582340925516,2045.102257016664,19.95497979276737,287.7119999999777,0.998003992015968
Residual SAC-LQR,RL hybrid,8.0,combined_stress,step_load_disturbance,31.379524632413023,2167.610659306989,30.325407092927847,287.7119999999777,0.998003992015968
Residual SAC-LQR,RL hybrid,8.0,combined_stress,ramp,5.661889880139006,80.86112774090635,21.635240680784364,276.154531934339,0.9201596806387226
Residual SAC-LQR,RL hybrid,8.0,combined_stress,sine,29.815823409255163,2399.969373961576,19.95497979275764,287.7119999999777,0.998003992015968
Residual SAC-LQR,RL hybrid,9.0,nominal,step_nominal,12.339066361403056,811.3939353065846,0.9261514514123944,141.90812451015407,0.4770459081836327
Residual SAC-LQR,RL hybrid,9.0,nominal,step_load_disturbance,12.39727373283516,811.8613548799664,0.7001724326480883,147.9612826313939,0.4810379241516966
Residual SAC-LQR,RL hybrid,9.0,nominal,ramp,0.1925744828149928,0.0755876624357192,0.4653033113169869,68.5921334344938,0.0
Residual SAC-LQR,RL hybrid,9.0,nominal,sine,15.707553219459216,1171.7573896489944,1.6915837103219928,161.1733861530393,0.4870259481037924
Residual SAC-LQR,RL hybrid,9.0,ra_plus_50,step_nominal,16.906593348172745,1108.790671855936,0.8433042384695568,197.54208955845365,0.6666666666666666
Residual SAC-LQR,RL hybrid,9.0,ra_plus_50,step_load_disturbance,17.279935510054095,1119.458667871383,0.5870154986102563,212.774269830317,0.7025948103792415
Residual SAC-LQR,RL hybrid,9.0,ra_plus_50,ramp,0.5115740271951296,0.5288617642539186,1.0700626329788747,140.20343582721358,0.0
Residual SAC-LQR,RL hybrid,9.0,ra_plus_50,sine,19.6866212009359,1545.9432711889078,2.326156436227649,201.3232951032682,0.590818363273453
Residual SAC-LQR,RL hybrid,9.0,j_plus_50,step_nominal,18.364584021012448,1216.1762556668157,0.832264415801319,210.8798230192916,0.7125748502994012
Residual SAC-LQR,RL hybrid,9.0,j_plus_50,step_load_disturbance,18.70587044869473,1226.845715353646,0.7035887951345217,221.7736890334147,0.7405189620758483
Residual SAC-LQR,RL hybrid,9.0,j_plus_50,ramp,0.5529980984234719,0.6199014621851506,1.0829251098043784,140.17172851165782,0.0
Residual SAC-LQR,RL hybrid,9.0,j_plus_50,sine,20.84241847356858,1666.355530216553,2.6300944549849845,206.45563748791196,0.6167664670658682
Residual SAC-LQR,RL hybrid,9.0,friction,step_nominal,12.586213674930256,829.0560856598803,0.8604770180547092,145.65304054442342,0.4870259481037924
Residual SAC-LQR,RL hybrid,9.0,friction,step_load_disturbance,12.6547965964268,829.6966324577829,0.6378712059300966,152.34254639054984,0.4930139720558882
Residual SAC-LQR,RL hybrid,9.0,friction,ramp,0.2239571694658129,0.1020206140899294,0.5315398163847078,73.89391688678529,0.0
Residual SAC-LQR,RL hybrid,9.0,friction,sine,15.96549083504184,1196.3378225258853,1.7564248044673576,163.28789824047985,0.4930139720558882
Residual SAC-LQR,RL hybrid,9.0,saturation,step_nominal,26.940787110977677,1805.0384239789296,7.922247162385119,287.7119999999777,0.998003992015968
Residual SAC-LQR,RL hybrid,9.0,saturation,step_load_disturbance,28.517745020124764,1898.9442789255693,18.426330494000013,287.7119999999777,0.998003992015968
Residual SAC-LQR,RL hybrid,9.0,saturation,ramp,2.805283521009698,18.807273546641916,9.7670879370408,261.84744730674106,0.7944111776447106
Residual SAC-LQR,RL hybrid,9.0,saturation,sine,26.94078711097768,2198.194417903253,7.922247162375385,287.7119999999777,0.998003992015968
Residual SAC-LQR,RL hybrid,9.0,combined_stress,step_nominal,29.81582340925516,2045.102257016664,19.95497979276737,287.7119999999777,0.998003992015968
Residual SAC-LQR,RL hybrid,9.0,combined_stress,step_load_disturbance,31.379524632413023,2167.610659306989,30.325407092927847,287.7119999999777,0.998003992015968
Residual SAC-LQR,RL hybrid,9.0,combined_stress,ramp,5.512180860581848,77.73344206644356,21.36509791457287,274.6173094071388,0.9021956087824352
Residual SAC-LQR,RL hybrid,9.0,combined_stress,sine,29.815823409255163,2399.969373961576,19.95497979275764,287.7119999999777,0.998003992015968
Residual SAC-MPC,RL hybrid,0.0,nominal,step_nominal,12.234978046661494,811.2944131204184,0.1118809759319532,141.93697133363506,0.4810379241516966
Residual SAC-MPC,RL hybrid,0.0,nominal,step_load_disturbance,12.251430380413264,811.746990108934,0.154578922999832,147.6697468938716,0.4870259481037924
Residual SAC-MPC,RL hybrid,0.0,nominal,ramp,0.4165121861194387,0.386118733213935,0.4910220734921608,70.81119045331492,0.0
Residual SAC-MPC,RL hybrid,0.0,nominal,sine,15.472695823795313,1171.2438396447594,0.7573755226157459,162.40257061826784,0.4870259481037924
Residual SAC-MPC,RL hybrid,0.0,ra_plus_50,step_nominal,16.815588602444684,1108.7146301285782,0.1439861122557175,197.62487089131804,0.6726546906187625
Residual SAC-MPC,RL hybrid,0.0,ra_plus_50,step_load_disturbance,17.21706511124518,1119.4165113982422,0.1067529451676989,212.3384554139035,0.7125748502994012
Residual SAC-MPC,RL hybrid,0.0,ra_plus_50,ramp,0.6702487932965583,0.9122348018331504,1.1609413797282286,142.3760485769735,0.0
Residual SAC-MPC,RL hybrid,0.0,ra_plus_50,sine,19.564146877083623,1545.6436481512796,1.61450837131558,203.40509498766343,0.592814371257485
Residual SAC-MPC,RL hybrid,0.0,j_plus_50,step_nominal,18.28531653174119,1216.1098560385576,0.1567936504958282,211.1269431533504,0.720558882235529
Residual SAC-MPC,RL hybrid,0.0,j_plus_50,step_load_disturbance,18.65111901203366,1226.796668238888,0.2195518482430003,221.61665894102973,0.7504990019960079
Residual SAC-MPC,RL hybrid,0.0,j_plus_50,ramp,0.6560339893506861,0.8731786993218328,1.1652002444419765,142.25296820606184,0.0
Residual SAC-MPC,RL hybrid,0.0,j_plus_50,sine,20.713050984990247,1666.0385385483503,1.6483893901115465,209.3517218273557,0.6187624750499002
Residual SAC-MPC,RL hybrid,0.0,friction,step_nominal,12.502687086989082,828.978332536118,0.0785890063630745,145.70877972123083,0.4910179640718562
Residual SAC-MPC,RL hybrid,0.0,friction,step_load_disturbance,12.52504318635796,829.6039230514647,0.1138817885097438,152.08083644423309,0.499001996007984
Residual SAC-MPC,RL hybrid,0.0,friction,ramp,0.4301143800693521,0.4041160631321089,0.5443675388587224,75.59239891952865,0.0
Residual SAC-MPC,RL hybrid,0.0,friction,sine,15.737931931116204,1195.8542765821985,0.8214331398910844,164.46243128998032,0.4930139720558882
Residual SAC-MPC,RL hybrid,0.0,saturation,step_nominal,26.940787110977677,1805.0384239789296,7.922247162385119,287.7119999999777,0.998003992015968
Residual SAC-MPC,RL hybrid,0.0,saturation,step_load_disturbance,28.517745020124764,1898.9442789255693,18.426330494000013,287.7119999999777,0.998003992015968
Residual SAC-MPC,RL hybrid,0.0,saturation,ramp,2.881533321634059,19.3203726349022,9.824835153931788,275.1078068371476,0.8662674650698603
Residual SAC-MPC,RL hybrid,0.0,saturation,sine,26.94078711097768,2198.194417903253,7.922247162375385,287.7119999999777,0.998003992015968
Residual SAC-MPC,RL hybrid,0.0,combined_stress,step_nominal,29.81582340925516,2045.102257016664,19.95497979276737,287.7119999999777,0.998003992015968
Residual SAC-MPC,RL hybrid,0.0,combined_stress,step_load_disturbance,31.379524632413023,2167.610659306989,30.325407092927847,287.7119999999777,0.998003992015968
Residual SAC-MPC,RL hybrid,0.0,combined_stress,ramp,5.678020763506054,81.11812746798303,21.655788608654262,279.60222215937443,0.934131736526946
Residual SAC-MPC,RL hybrid,0.0,combined_stress,sine,29.815823409255163,2399.969373961576,19.95497979275764,287.7119999999777,0.998003992015968
Residual SAC-MPC,RL hybrid,1.0,nominal,step_nominal,12.303911961192416,811.3399536137408,0.1525288031469642,142.00950202414967,0.4770459081836327
Residual SAC-MPC,RL hybrid,1.0,nominal,step_load_disturbance,12.296935951066422,811.7664325250803,0.1672110261144723,147.56836867614015,0.4830339321357285
Residual SAC-MPC,RL hybrid,1.0,nominal,ramp,0.4643698535739137,0.5396769467611117,0.5443245907187446,68.51813133077555,0.0
Residual SAC-MPC,RL hybrid,1.0,nominal,sine,15.622449630243072,1171.5531864579348,0.7858569675611733,161.2111102668734,0.4830339321357285
Residual SAC-MPC,RL hybrid,1.0,ra_plus_50,step_nominal,16.868102400233422,1108.742045150201,0.3423324859129621,198.0321253069781,0.6726546906187625
Residual SAC-MPC,RL hybrid,1.0,ra_plus_50,step_load_disturbance,17.23508192471591,1119.4201668665503,0.2009850990146162,212.6529070969292,0.7125748502994012
Residual SAC-MPC,RL hybrid,1.0,ra_plus_50,ramp,0.769191685944963,1.2820094546023832,1.2180093359546191,139.89889339027712,0.0
Residual SAC-MPC,RL hybrid,1.0,ra_plus_50,sine,19.64105845727298,1545.8059177125951,1.6187008649952617,202.31426667509885,0.592814371257485
Residual SAC-MPC,RL hybrid,1.0,j_plus_50,step_nominal,18.32913482289336,1216.1316529474234,0.3661883452570009,211.46175234277035,0.720558882235529
Residual SAC-MPC,RL hybrid,1.0,j_plus_50,step_load_disturbance,18.667634011922136,1226.8037705069014,0.3166605336271004,221.9311901639973,0.7504990019960079
Residual SAC-MPC,RL hybrid,1.0,j_plus_50,ramp,0.7719168142776822,1.285974303029532,1.2489301885478312,139.79778613849808,0.0
Residual SAC-MPC,RL hybrid,1.0,j_plus_50,sine,20.777833243798057,1666.1520887811698,1.6471954327424925,208.2000842357041,0.6187624750499002
Residual SAC-MPC,RL hybrid,1.0,friction,step_nominal,12.5499733170546,829.0066220777135,0.091545986180975,145.74888463325075,0.4890219560878243
Residual SAC-MPC,RL hybrid,1.0,friction,step_load_disturbance,12.56348148880556,829.6185512091757,0.1401853813057556,151.99317394234265,0.4930139720558882
Residual SAC-MPC,RL hybrid,1.0,friction,ramp,0.4917618599155847,0.5915753146151279,0.6023774618010691,73.82196847371819,0.0
Residual SAC-MPC,RL hybrid,1.0,friction,sine,15.881698656013834,1196.1392228479133,0.84667414255496,163.33888531424785,0.4890219560878243
Residual SAC-MPC,RL hybrid,1.0,saturation,step_nominal,26.940787110977677,1805.0384239789296,7.922247162385119,287.7119999999777,0.998003992015968
Residual SAC-MPC,RL hybrid,1.0,saturation,step_load_disturbance,28.517745020124764,1898.9442789255693,18.426330494000013,287.7119999999777,0.998003992015968
Residual SAC-MPC,RL hybrid,1.0,saturation,ramp,2.786423792705837,18.57159180883908,9.723584686033846,263.72103596640216,0.8183632734530938
Residual SAC-MPC,RL hybrid,1.0,saturation,sine,26.94078711097768,2198.194417903253,7.922247162375385,287.7119999999777,0.998003992015968
Residual SAC-MPC,RL hybrid,1.0,combined_stress,step_nominal,29.81582340925516,2045.102257016664,19.95497979276737,287.7119999999777,0.998003992015968
Residual SAC-MPC,RL hybrid,1.0,combined_stress,step_load_disturbance,31.379524632413023,2167.610659306989,30.325407092927847,287.7119999999777,0.998003992015968
Residual SAC-MPC,RL hybrid,1.0,combined_stress,ramp,5.493470193297254,77.29277698413681,21.32541566974099,275.0182215432138,0.906187624750499
Residual SAC-MPC,RL hybrid,1.0,combined_stress,sine,29.815823409255163,2399.969373961576,19.95497979275764,287.7119999999777,0.998003992015968
Residual SAC-MPC,RL hybrid,2.0,nominal,step_nominal,12.347505589899578,811.3855265109871,0.633907947202843,142.07740768750818,0.4790419161676646
Residual SAC-MPC,RL hybrid,2.0,nominal,step_load_disturbance,12.305232725619891,811.7691400802122,0.3780916581691684,147.83550031106208,0.4810379241516966
Residual SAC-MPC,RL hybrid,2.0,nominal,ramp,0.2338667068502985,0.110458385877957,0.4338589145288694,68.90852258415377,0.0
Residual SAC-MPC,RL hybrid,2.0,nominal,sine,15.60014371621938,1171.500808115091,0.7490975715861623,159.95261926356568,0.4810379241516966
Residual SAC-MPC,RL hybrid,2.0,ra_plus_50,step_nominal,16.90434189566835,1108.7847605212478,0.7262400343188489,197.7949519968714,0.6726546906187625
Residual SAC-MPC,RL hybrid,2.0,ra_plus_50,step_load_disturbance,17.241064569258274,1119.4224227983998,0.2837835608427781,212.94722027387692,0.7125748502994012
Residual SAC-MPC,RL hybrid,2.0,ra_plus_50,ramp,0.5971629148978053,0.7196458105509977,1.134159499504122,140.43351061977677,0.0
Residual SAC-MPC,RL hybrid,2.0,ra_plus_50,sine,19.61637226892641,1545.7417477823142,1.6110416727099164,198.9942495435874,0.5848303393213573
Residual SAC-MPC,RL hybrid,2.0,j_plus_50,step_nominal,18.361026227081464,1216.1690271194866,0.7361936033880596,211.23289443368,0.718562874251497
Residual SAC-MPC,RL hybrid,2.0,j_plus_50,step_load_disturbance,18.670509965612805,1226.8052408191772,0.3697241353207374,222.19501471293952,0.7485029940119761
Residual SAC-MPC,RL hybrid,2.0,j_plus_50,ramp,0.5814930470431017,0.6810254330002427,1.1526181880176694,140.3836729555263,0.0
Residual SAC-MPC,RL hybrid,2.0,j_plus_50,sine,20.757082083265907,1666.1038834340618,1.6382360328538397,205.2577466147078,0.6087824351297405
Residual SAC-MPC,RL hybrid,2.0,friction,step_nominal,12.594748134233718,829.047440023159,0.5765932176469022,145.91928795015914,0.4890219560878243
Residual SAC-MPC,RL hybrid,2.0,friction,step_load_disturbance,12.577025503949706,829.6237184270454,0.3483795507874276,152.25713853434218,0.4930139720558882
Residual SAC-MPC,RL hybrid,2.0,friction,ramp,0.2641192424075788,0.1406344087357986,0.4958084185786191,74.18941095277924,0.0
Residual SAC-MPC,RL hybrid,2.0,friction,sine,15.851742116340713,1196.0666064925624,0.8132117205840217,162.14076084523015,0.4870259481037924
Residual SAC-MPC,RL hybrid,2.0,saturation,step_nominal,26.940787110977677,1805.0384239789296,7.922247162385119,287.7119999999777,0.998003992015968
Residual SAC-MPC,RL hybrid,2.0,saturation,step_load_disturbance,28.517745020124764,1898.9442789255693,18.426330494000013,287.7119999999777,0.998003992015968
Residual SAC-MPC,RL hybrid,2.0,saturation,ramp,2.743200230158334,17.923427477838803,9.591721005494492,267.08649331005927,0.8383233532934131
Residual SAC-MPC,RL hybrid,2.0,saturation,sine,26.94078711097768,2198.194417903253,7.922247162375385,287.7119999999777,0.998003992015968
Residual SAC-MPC,RL hybrid,2.0,combined_stress,step_nominal,29.81582340925516,2045.102257016664,19.95497979276737,287.7119999999777,0.998003992015968
Residual SAC-MPC,RL hybrid,2.0,combined_stress,step_load_disturbance,31.379524632413023,2167.610659306989,30.325407092927847,287.7119999999777,0.998003992015968
Residual SAC-MPC,RL hybrid,2.0,combined_stress,ramp,5.477293633974063,76.79794966710631,21.278585002480995,276.52207678388163,0.9181636726546906
Residual SAC-MPC,RL hybrid,2.0,combined_stress,sine,29.815823409255163,2399.969373961576,19.95497979275764,287.7119999999777,0.998003992015968
Residual SAC-MPC,RL hybrid,3.0,nominal,step_nominal,12.289590857301556,811.341893652518,0.8268317026967935,140.96354266760628,0.4710578842315369
Residual SAC-MPC,RL hybrid,3.0,nominal,step_load_disturbance,12.374903393410785,811.8778041915521,1.2273659532901888,146.3420646834279,0.4770459081836327
Residual SAC-MPC,RL hybrid,3.0,nominal,ramp,0.915139847874772,1.6966463681700077,2.149343367502482,67.85437691450065,0.0
Residual SAC-MPC,RL hybrid,3.0,nominal,sine,15.75166686541652,1171.924067901035,2.058954791207768,160.86609331416142,0.4810379241516966
Residual SAC-MPC,RL hybrid,3.0,ra_plus_50,step_nominal,16.87008706539718,1108.7636924752223,0.7381165202280044,195.7136448976273,0.656686626746507
Residual SAC-MPC,RL hybrid,3.0,ra_plus_50,step_load_disturbance,17.33673440496031,1119.5556299054156,1.2352975380591005,209.5290151017909,0.6946107784431138
Residual SAC-MPC,RL hybrid,3.0,ra_plus_50,ramp,1.153531408439958,2.6916214255084023,2.7495139330887213,138.08931795383705,0.0
Residual SAC-MPC,RL hybrid,3.0,ra_plus_50,sine,19.719973103866977,1546.0758426626835,3.133369230065483,199.0580710023636,0.592814371257485
Residual SAC-MPC,RL hybrid,3.0,j_plus_50,step_nominal,18.34453844176733,1216.1631620573385,0.7198406467667127,208.7420165967223,0.7045908183632734
Residual SAC-MPC,RL hybrid,3.0,j_plus_50,step_load_disturbance,18.74053500550274,1226.9091255607411,1.080672623134035,218.60135410318023,0.7325349301397206
Residual SAC-MPC,RL hybrid,3.0,j_plus_50,ramp,1.1894250146316958,2.8599145226099254,2.800971283043282,137.8617355902992,0.0
Residual SAC-MPC,RL hybrid,3.0,j_plus_50,sine,20.862760400157136,1666.4557081352182,3.2508340439700447,204.51033343443,0.6167664670658682
Residual SAC-MPC,RL hybrid,3.0,friction,step_nominal,12.556187731966004,829.0298815255067,0.8901635886468426,144.6108108273507,0.4810379241516966
Residual SAC-MPC,RL hybrid,3.0,friction,step_load_disturbance,12.657981382026357,829.7527800979886,1.2908903524290023,150.6163101660031,0.4870259481037924
Residual SAC-MPC,RL hybrid,3.0,friction,ramp,0.9342665718922094,1.767253220547011,2.202873962887168,72.96846639438317,0.0
Residual SAC-MPC,RL hybrid,3.0,friction,sine,16.008925748363325,1196.4941930018963,2.123807305398828,162.97768886930697,0.4890219560878243
Residual SAC-MPC,RL hybrid,3.0,saturation,step_nominal,26.940787110977677,1805.0384239789296,7.922247162385119,287.7119999999777,0.998003992015968
Residual SAC-MPC,RL hybrid,3.0,saturation,step_load_disturbance,28.517745020124764,1898.9442789255693,18.426330494000013,287.7119999999777,0.998003992015968
Residual SAC-MPC,RL hybrid,3.0,saturation,ramp,3.2393055836560447,23.779871250715544,10.55332295952175,270.5704757876207,0.872255489021956
Residual SAC-MPC,RL hybrid,3.0,saturation,sine,26.94078711097768,2198.194417903253,7.922247162375385,287.7119999999777,0.998003992015968
Residual SAC-MPC,RL hybrid,3.0,combined_stress,step_nominal,29.81582340925516,2045.102257016664,19.95497979276737,287.7119999999777,0.998003992015968
Residual SAC-MPC,RL hybrid,3.0,combined_stress,step_load_disturbance,31.379524632413023,2167.610659306989,30.325407092927847,287.7119999999777,0.998003992015968
Residual SAC-MPC,RL hybrid,3.0,combined_stress,ramp,5.963305537569314,87.87913854380164,22.22732710700365,275.9931704078441,0.9321357285429142
Residual SAC-MPC,RL hybrid,3.0,combined_stress,sine,29.815823409255163,2399.969373961576,19.95497979275764,287.7119999999777,0.998003992015968
Residual SAC-MPC,RL hybrid,4.0,nominal,step_nominal,12.310166511114147,811.3584603663345,0.8204289825867335,141.85468358354268,0.4770459081836327
Residual SAC-MPC,RL hybrid,4.0,nominal,step_load_disturbance,12.372736004481942,811.8532501758322,1.046637439909773,146.0569770882996,0.4770459081836327
Residual SAC-MPC,RL hybrid,4.0,nominal,ramp,0.2461677292525977,0.1236549355635534,0.5372714369936062,68.67519951676493,0.0
Residual SAC-MPC,RL hybrid,4.0,nominal,sine,15.692706701068216,1171.7925892454707,1.238938492415116,161.70646080899854,0.4850299401197604
Residual SAC-MPC,RL hybrid,4.0,ra_plus_50,step_nominal,16.88089276661181,1108.772845078616,0.8383074199525566,196.66148793420157,0.6626746506986028
Residual SAC-MPC,RL hybrid,4.0,ra_plus_50,step_load_disturbance,17.342966359444357,1119.5713329928055,1.1131209964460425,209.17676136316865,0.6946107784431138
Residual SAC-MPC,RL hybrid,4.0,ra_plus_50,ramp,0.6134700380909256,0.7607862498956919,1.3542388177102822,139.97580032058255,0.0
Residual SAC-MPC,RL hybrid,4.0,ra_plus_50,sine,19.766035776278617,1546.3002245852958,3.654866514496561,197.39917753466156,0.5888223552894212
Residual SAC-MPC,RL hybrid,4.0,j_plus_50,step_nominal,18.35314633332663,1216.1685871566465,0.8395204130096658,209.73184287091573,0.7105788423153693
Residual SAC-MPC,RL hybrid,4.0,j_plus_50,step_load_disturbance,18.746298301830645,1226.9267240076572,0.9793750939777226,218.27213622659565,0.7325349301397206
Residual SAC-MPC,RL hybrid,4.0,j_plus_50,ramp,0.807953192305391,1.3618682113855338,1.99222412480556,141.9478542642375,0.0319361277445109
Residual SAC-MPC,RL hybrid,4.0,j_plus_50,sine,20.886893583772626,1666.5651278291496,3.526796240219838,203.37894738024775,0.6147704590818364
Residual SAC-MPC,RL hybrid,4.0,friction,step_nominal,12.5796821301364,829.0493033570084,0.8890501554439112,145.5029542635549,0.4870259481037924
Residual SAC-MPC,RL hybrid,4.0,friction,step_load_disturbance,12.670451446578328,829.7379673540514,1.118314723059754,150.31153828333666,0.4870259481037924
Residual SAC-MPC,RL hybrid,4.0,friction,ramp,0.2854335953031627,0.1660415204838154,0.609523124937084,74.00904362148847,0.0
Residual SAC-MPC,RL hybrid,4.0,friction,sine,15.949471287516138,1196.358267058213,1.355663246510602,163.71124313721944,0.4910179640718562
Residual SAC-MPC,RL hybrid,4.0,saturation,step_nominal,26.940787110977677,1805.0384239789296,7.922247162385119,287.7119999999777,0.998003992015968
Residual SAC-MPC,RL hybrid,4.0,saturation,step_load_disturbance,28.517745020124764,1898.9442789255693,18.426330494000013,287.7119999999777,0.998003992015968
Residual SAC-MPC,RL hybrid,4.0,saturation,ramp,2.986210986050232,20.717101683755025,10.071823274956545,266.47326062498337,0.8562874251497006
Residual SAC-MPC,RL hybrid,4.0,saturation,sine,26.94078711097768,2198.194417903253,7.922247162375385,287.7119999999777,0.998003992015968
Residual SAC-MPC,RL hybrid,4.0,combined_stress,step_nominal,29.81582340925516,2045.102257016664,19.95497979276737,287.7119999999777,0.998003992015968
Residual SAC-MPC,RL hybrid,4.0,combined_stress,step_load_disturbance,31.379524632413023,2167.610659306989,30.325407092927847,287.7119999999777,0.998003992015968
Residual SAC-MPC,RL hybrid,4.0,combined_stress,ramp,5.714311708005465,82.15035263659207,21.747862459828667,274.33814644420306,0.9181636726546906
Residual SAC-MPC,RL hybrid,4.0,combined_stress,sine,29.815823409255163,2399.969373961576,19.95497979275764,287.7119999999777,0.998003992015968
Residual SAC-MPC,RL hybrid,5.0,nominal,step_nominal,12.231569449870625,811.3150818940913,0.0476156940671756,140.51640312976429,0.469061876247505
Residual SAC-MPC,RL hybrid,5.0,nominal,step_load_disturbance,12.310406522463191,811.8073618064388,0.1305684939726887,161.35669156587014,0.4770459081836327
Residual SAC-MPC,RL hybrid,5.0,nominal,ramp,0.2604232509177451,0.1400130869946885,0.3883578793105329,68.72447958103643,0.0
Residual SAC-MPC,RL hybrid,5.0,nominal,sine,15.600204923385885,1171.4872966595642,2.165439164988328,159.45763382156065,0.4810379241516966
Residual SAC-MPC,RL hybrid,5.0,ra_plus_50,step_nominal,16.822296978507058,1108.72739766807,0.0004580997017171,196.54141830832305,0.6686626746506986
Residual SAC-MPC,RL hybrid,5.0,ra_plus_50,step_load_disturbance,17.272766205134005,1119.4905820063468,0.0325179325321869,216.29117110976088,0.6986027944111777
Residual SAC-MPC,RL hybrid,5.0,ra_plus_50,ramp,0.6570579775979831,0.8807667759152442,1.128203622911883,140.17392728730016,0.0
Residual SAC-MPC,RL hybrid,5.0,ra_plus_50,sine,19.672592461527486,1545.9737799868524,2.83152603520061,199.046245608393,0.6047904191616766
Residual SAC-MPC,RL hybrid,5.0,j_plus_50,step_nominal,18.29077554572701,1216.1178680627006,0.0021375042580302,210.28394362404225,0.718562874251497
Residual SAC-MPC,RL hybrid,5.0,j_plus_50,step_load_disturbance,18.677920332116315,1226.8375139622162,0.0593543469015571,226.227954140906,0.7425149700598802
Residual SAC-MPC,RL hybrid,5.0,j_plus_50,ramp,0.6944805729151078,0.984202943510543,1.1646957639758284,140.09280559814758,0.0
Residual SAC-MPC,RL hybrid,5.0,j_plus_50,sine,20.81849669800239,1666.3582938551008,2.771804170261745,206.3031175799832,0.6407185628742516
Residual SAC-MPC,RL hybrid,5.0,friction,step_nominal,12.487005502042312,828.9978384375033,0.0084945163733181,144.2575242500395,0.4810379241516966
Residual SAC-MPC,RL hybrid,5.0,friction,step_load_disturbance,12.60430786322857,829.677807512978,0.2478722943147175,165.56123086395016,0.4890219560878243
Residual SAC-MPC,RL hybrid,5.0,friction,ramp,0.3002171015576605,0.1855591076827394,0.4551736498282253,74.0319222937315,0.0
Residual SAC-MPC,RL hybrid,5.0,friction,sine,15.868433367420966,1196.112090427045,2.281772331948716,161.3892879962434,0.4870259481037924
Residual SAC-MPC,RL hybrid,5.0,saturation,step_nominal,26.940787110977677,1805.0384239789296,7.922247162385119,287.7119999999777,0.998003992015968
Residual SAC-MPC,RL hybrid,5.0,saturation,step_load_disturbance,28.517745020124764,1898.9442789255693,18.426330494000013,287.7119999999777,0.998003992015968
Residual SAC-MPC,RL hybrid,5.0,saturation,ramp,2.69106564485984,17.28163258290749,9.465388487021258,268.819006739598,0.8562874251497006
Residual SAC-MPC,RL hybrid,5.0,saturation,sine,26.94078711097768,2198.194417903253,7.922247162375385,287.7119999999777,0.998003992015968
Residual SAC-MPC,RL hybrid,5.0,combined_stress,step_nominal,29.81582340925516,2045.102257016664,19.95497979276737,287.7119999999777,0.998003992015968
Residual SAC-MPC,RL hybrid,5.0,combined_stress,step_load_disturbance,31.379524632413023,2167.610659306989,30.325407092927847,287.7119999999777,0.998003992015968
Residual SAC-MPC,RL hybrid,5.0,combined_stress,ramp,5.426839433687546,75.64298104567212,21.173297105228,277.00673523621595,0.9241516966067864
Residual SAC-MPC,RL hybrid,5.0,combined_stress,sine,29.815823409255163,2399.969373961576,19.95497979275764,287.7119999999777,0.998003992015968
Residual SAC-MPC,RL hybrid,6.0,nominal,step_nominal,12.30290577346254,811.3585547078701,0.5739938805608205,143.4626376601601,0.469061876247505
Residual SAC-MPC,RL hybrid,6.0,nominal,step_load_disturbance,12.302903605379244,811.7793639295766,0.0050933987673147,147.16500604478742,0.4810379241516966
Residual SAC-MPC,RL hybrid,6.0,nominal,ramp,0.2932020894206598,0.1889144493230698,0.9473066678108212,68.21446055274087,0.0
Residual SAC-MPC,RL hybrid,6.0,nominal,sine,15.603813264540436,1171.4443954976268,0.8929038944666701,161.7251710332131,0.4810379241516966
Residual SAC-MPC,RL hybrid,6.0,ra_plus_50,step_nominal,16.899723839394102,1108.8020019942562,0.4502711281888452,194.8262106638093,0.656686626746507
Residual SAC-MPC,RL hybrid,6.0,ra_plus_50,step_load_disturbance,17.241328863432898,1119.4416747069852,0.1250982650355894,211.46851300188968,0.7005988023952096
Residual SAC-MPC,RL hybrid,6.0,ra_plus_50,ramp,0.5693289816849711,0.6550206316679493,1.2778822320302368,139.99223041643558,0.0
Residual SAC-MPC,RL hybrid,6.0,ra_plus_50,sine,19.629278831010883,1545.7514223600328,1.6973639182674134,200.64534940353207,0.5848303393213573
Residual SAC-MPC,RL hybrid,6.0,j_plus_50,step_nominal,18.36712540735844,1216.2004170704447,0.4469603478422215,208.0397090534985,0.7045908183632734
Residual SAC-MPC,RL hybrid,6.0,j_plus_50,step_load_disturbance,18.678253375717933,1226.8400163850797,0.2505032640505078,220.0540878713826,0.7345309381237525
Residual SAC-MPC,RL hybrid,6.0,j_plus_50,ramp,0.5686524084698488,0.6525020057385548,1.2717760682125316,140.00914835857333,0.0
Residual SAC-MPC,RL hybrid,6.0,j_plus_50,sine,20.778922416279485,1666.1372361989838,1.7230825577293132,206.8944752380737,0.6087824351297405
Residual SAC-MPC,RL hybrid,6.0,friction,step_nominal,12.60307061096528,829.0737897247715,0.6793875286327165,145.46558680826334,0.4790419161676646
Residual SAC-MPC,RL hybrid,6.0,friction,step_load_disturbance,12.564304607285845,829.6307195894886,0.0553118314949188,151.57935962958825,0.4930139720558882
Residual SAC-MPC,RL hybrid,6.0,friction,ramp,0.3119822971067584,0.2086587912993561,0.9616449062931594,73.5397526617209,0.0
Residual SAC-MPC,RL hybrid,6.0,friction,sine,15.859425768733052,1196.0289481614482,0.9430760564748084,164.34195442488982,0.4870259481037924
Residual SAC-MPC,RL hybrid,6.0,saturation,step_nominal,26.940787110977677,1805.0384239789296,7.922247162385119,287.7119999999777,0.998003992015968
Residual SAC-MPC,RL hybrid,6.0,saturation,step_load_disturbance,28.517745020124764,1898.9442789255693,18.426330494000013,287.7119999999777,0.998003992015968
Residual SAC-MPC,RL hybrid,6.0,saturation,ramp,2.552502427234708,15.734329803597388,9.166449940914916,273.5532109686768,0.8842315369261478
Residual SAC-MPC,RL hybrid,6.0,saturation,sine,26.94078711097768,2198.194417903253,7.922247162375385,287.7119999999777,0.998003992015968
Residual SAC-MPC,RL hybrid,6.0,combined_stress,step_nominal,29.81582340925516,2045.102257016664,19.95497979276737,287.7119999999777,0.998003992015968
Residual SAC-MPC,RL hybrid,6.0,combined_stress,step_load_disturbance,31.379524632413023,2167.610659306989,30.325407092927847,287.7119999999777,0.998003992015968
Residual SAC-MPC,RL hybrid,6.0,combined_stress,ramp,5.335711539172203,73.58474393444256,20.98436007826568,279.5170900722246,0.940119760479042
Residual SAC-MPC,RL hybrid,6.0,combined_stress,sine,29.815823409255163,2399.969373961576,19.95497979275764,287.7119999999777,0.998003992015968
Residual SAC-MPC,RL hybrid,7.0,nominal,step_nominal,12.296366939654543,811.3542357654253,0.997055563133344,141.87658549055504,0.4770459081836327
Residual SAC-MPC,RL hybrid,7.0,nominal,step_load_disturbance,12.36550759837244,811.8331699622906,0.7948956680571655,147.58385234844206,0.4850299401197604
Residual SAC-MPC,RL hybrid,7.0,nominal,ramp,0.2353639749969834,0.1127775544152019,0.5762115841111353,68.44513615325812,0.0
Residual SAC-MPC,RL hybrid,7.0,nominal,sine,15.726705867992647,1171.8242709516326,2.634050367447145,161.8107164193284,0.4870259481037924
Residual SAC-MPC,RL hybrid,7.0,ra_plus_50,step_nominal,16.86262476411717,1108.7463472179286,0.8303709104107639,197.04728274263223,0.6706586826347305
Residual SAC-MPC,RL hybrid,7.0,ra_plus_50,step_load_disturbance,17.302000968133274,1119.4974185757196,0.9511663169918734,210.99483965584184,0.7025948103792415
Residual SAC-MPC,RL hybrid,7.0,ra_plus_50,ramp,0.6218549573559439,0.7898386867588216,1.672389068922442,138.55689148564687,0.0
Residual SAC-MPC,RL hybrid,7.0,ra_plus_50,sine,19.76999984834055,1546.3175160619353,3.711329953018023,200.5391040971907,0.592814371257485
Residual SAC-MPC,RL hybrid,7.0,j_plus_50,step_nominal,18.33379580809428,1216.1424571737568,0.7992979649989422,210.1693922284497,0.7145708582834331
Residual SAC-MPC,RL hybrid,7.0,j_plus_50,step_load_disturbance,18.704512198180904,1226.848944642643,0.7798288874503356,220.1746445200621,0.7405189620758483
Residual SAC-MPC,RL hybrid,7.0,j_plus_50,ramp,0.5832957114312949,0.6885321132099731,1.3400236976693236,139.48702650864746,0.0
Residual SAC-MPC,RL hybrid,7.0,j_plus_50,sine,20.88409534636815,1666.5638841277612,3.602780128056935,206.30344430868053,0.6187624750499002
Residual SAC-MPC,RL hybrid,7.0,friction,step_nominal,12.568204856299566,829.047592270642,1.0609670270452227,145.49953847527038,0.4870259481037924
Residual SAC-MPC,RL hybrid,7.0,friction,step_load_disturbance,12.643647070863285,829.6986023617925,0.8810292839480525,151.87189406492126,0.4950099800399201
Residual SAC-MPC,RL hybrid,7.0,friction,ramp,0.2668319333206462,0.1445943418237308,0.6415964492056787,73.743553678305,0.0
Residual SAC-MPC,RL hybrid,7.0,friction,sine,15.986315875725785,1196.4197662397232,2.7093153898648694,163.8858751242036,0.4910179640718562
Residual SAC-MPC,RL hybrid,7.0,saturation,step_nominal,26.940787110977677,1805.0384239789296,7.922247162385119,287.7119999999777,0.998003992015968
Residual SAC-MPC,RL hybrid,7.0,saturation,step_load_disturbance,28.517745020124764,1898.9442789255693,18.426330494000013,287.7119999999777,0.998003992015968
Residual SAC-MPC,RL hybrid,7.0,saturation,ramp,3.010239069351101,21.47750686840646,10.246843548526217,257.810723134015,0.7724550898203593
Residual SAC-MPC,RL hybrid,7.0,saturation,sine,26.94078711097768,2198.194417903253,7.922247162375385,287.7119999999777,0.998003992015968
Residual SAC-MPC,RL hybrid,7.0,combined_stress,step_nominal,29.81582340925516,2045.102257016664,19.95497979276737,287.7119999999777,0.998003992015968
Residual SAC-MPC,RL hybrid,7.0,combined_stress,step_load_disturbance,31.379524632413023,2167.610659306989,30.325407092927847,287.7119999999777,0.998003992015968
Residual SAC-MPC,RL hybrid,7.0,combined_stress,ramp,5.661671056527696,81.30077089362757,21.68265819228041,272.1931652971772,0.8902195608782435
Residual SAC-MPC,RL hybrid,7.0,combined_stress,sine,29.815823409255163,2399.969373961576,19.95497979275764,287.7119999999777,0.998003992015968
Residual SAC-MPC,RL hybrid,8.0,nominal,step_nominal,12.309205384612218,811.3544940769839,0.5529008603936347,140.95583291575372,0.469061876247505
Residual SAC-MPC,RL hybrid,8.0,nominal,step_load_disturbance,12.322648903660127,811.809365564949,0.3260806114854802,146.47291517565327,0.4770459081836327
Residual SAC-MPC,RL hybrid,8.0,nominal,ramp,0.309714124827333,0.1935553975037645,0.6827139121363786,68.82733521688249,0.0
Residual SAC-MPC,RL hybrid,8.0,nominal,sine,15.682054204944,1171.6941936485198,1.1341411875611982,159.65007867726592,0.4810379241516966
Residual SAC-MPC,RL hybrid,8.0,ra_plus_50,step_nominal,16.882185027554627,1108.7619348053468,0.6036638477629452,197.2892274159174,0.6626746506986028
Residual SAC-MPC,RL hybrid,8.0,ra_plus_50,step_load_disturbance,17.248787114277636,1119.4378539048764,0.2998925692682661,211.8789457617576,0.7025948103792415
Residual SAC-MPC,RL hybrid,8.0,ra_plus_50,ramp,0.6319303253367754,0.8022750951574925,1.299483745592951,140.53191383484835,0.0
Residual SAC-MPC,RL hybrid,8.0,ra_plus_50,sine,19.70823100617413,1546.009040734374,2.8565838112563284,197.85671853588892,0.592814371257485
Residual SAC-MPC,RL hybrid,8.0,j_plus_50,step_nominal,18.34340600198395,1216.1472842365592,0.6157168085649118,211.05347832455465,0.716566866267465
Residual SAC-MPC,RL hybrid,8.0,j_plus_50,step_load_disturbance,18.676389539049808,1226.811354931396,0.4287055673235329,221.77435138082308,0.7485029940119761
Residual SAC-MPC,RL hybrid,8.0,j_plus_50,ramp,0.597352519777694,0.7168533432411807,1.1872441380744476,140.7998813275417,0.0
Residual SAC-MPC,RL hybrid,8.0,j_plus_50,sine,20.833665698398363,1666.3026719134575,2.6797021399756744,205.05487225849845,0.6147704590818364
Residual SAC-MPC,RL hybrid,8.0,friction,step_nominal,12.559972424973532,829.025650957714,0.4969271048688028,144.7347909018169,0.4790419161676646
Residual SAC-MPC,RL hybrid,8.0,friction,step_load_disturbance,12.592527402427134,829.6645431058125,0.2964089496495035,150.94556907200547,0.4870259481037924
Residual SAC-MPC,RL hybrid,8.0,friction,ramp,0.3298707150523992,0.2192067625767959,0.7128768786234616,74.14675144929835,0.0
Residual SAC-MPC,RL hybrid,8.0,friction,sine,15.93957149124186,1196.2716567738278,1.1869970552709503,161.84931647585364,0.4870259481037924
Residual SAC-MPC,RL hybrid,8.0,saturation,step_nominal,26.940787110977677,1805.0384239789296,7.922247162385119,287.7119999999777,0.998003992015968
Residual SAC-MPC,RL hybrid,8.0,saturation,step_load_disturbance,28.517745020124764,1898.9442789255693,18.426330494000013,287.7119999999777,0.998003992015968
Residual SAC-MPC,RL hybrid,8.0,saturation,ramp,2.8020788204269587,18.553213320129387,9.705964885829232,267.12868305753994,0.8083832335329342
Residual SAC-MPC,RL hybrid,8.0,saturation,sine,26.94078711097768,2198.194417903253,7.922247162375385,287.7119999999777,0.998003992015968
Residual SAC-MPC,RL hybrid,8.0,combined_stress,step_nominal,29.81582340925516,2045.102257016664,19.95497979276737,287.7119999999777,0.998003992015968
Residual SAC-MPC,RL hybrid,8.0,combined_stress,step_load_disturbance,31.379524632413023,2167.610659306989,30.325407092927847,287.7119999999777,0.998003992015968
Residual SAC-MPC,RL hybrid,8.0,combined_stress,ramp,5.584230857019948,79.11890709288244,21.483848125802908,277.1479046901118,0.9201596806387226
Residual SAC-MPC,RL hybrid,8.0,combined_stress,sine,29.815823409255163,2399.969373961576,19.95497979275764,287.7119999999777,0.998003992015968
Residual SAC-MPC,RL hybrid,9.0,nominal,step_nominal,12.30194369049797,811.3420213214924,0.502958730632983,141.67934864865475,0.4730538922155688
Residual SAC-MPC,RL hybrid,9.0,nominal,step_load_disturbance,12.319948190011726,811.7845966633279,0.2941252759121227,147.597805799488,0.4810379241516966
Residual SAC-MPC,RL hybrid,9.0,nominal,ramp,0.5950592666698702,0.7271447327310332,1.205595465593419,68.74145746127755,0.0
Residual SAC-MPC,RL hybrid,9.0,nominal,sine,15.776445268707358,1172.058010622169,2.5796600442124884,160.15997973787017,0.4850299401197604
Residual SAC-MPC,RL hybrid,9.0,ra_plus_50,step_nominal,16.889743920972165,1108.772003998054,0.6269781072123664,197.30669615654477,0.6646706586826348
Residual SAC-MPC,RL hybrid,9.0,ra_plus_50,step_load_disturbance,17.258369992984452,1119.4522943087334,0.3764040254293661,211.9893366036667,0.7025948103792415
Residual SAC-MPC,RL hybrid,9.0,ra_plus_50,ramp,0.9181243205240844,1.7062128673329386,1.80826242720552,139.7931083447071,0.0
Residual SAC-MPC,RL hybrid,9.0,ra_plus_50,sine,19.766857614589835,1546.3117487027598,3.5196122696997065,197.75347661921376,0.5888223552894212
Residual SAC-MPC,RL hybrid,9.0,j_plus_50,step_nominal,18.35074611830228,1216.1613414761837,0.6442891282736838,210.71299972244796,0.7125748502994012
Residual SAC-MPC,RL hybrid,9.0,j_plus_50,step_load_disturbance,18.68777721447664,1226.8341633686246,0.526363397262017,221.1395483119852,0.7385229540918163
Residual SAC-MPC,RL hybrid,9.0,j_plus_50,ramp,0.8672075089775131,1.5171092004924822,2.009097611287828,139.1492170575063,0.0
Residual SAC-MPC,RL hybrid,9.0,j_plus_50,sine,20.894620416606998,1666.6118421134345,3.4826833120810363,204.14659021340853,0.6127744510978044
Residual SAC-MPC,RL hybrid,9.0,friction,step_nominal,12.55404376721567,829.013585792516,0.4525410106155618,145.42677138229746,0.4850299401197604
Residual SAC-MPC,RL hybrid,9.0,friction,step_load_disturbance,12.573553165806494,829.6267258419036,0.2201858576771798,152.01850577013215,0.4910179640718562
Residual SAC-MPC,RL hybrid,9.0,friction,ramp,0.6173449246561598,0.7801833851700182,1.2752506104073549,73.98238263368111,0.0
Residual SAC-MPC,RL hybrid,9.0,friction,sine,16.033774369471264,1196.6339210094866,2.635927095606121,162.24931871115794,0.4910179640718562
Residual SAC-MPC,RL hybrid,9.0,saturation,step_nominal,26.940787110977677,1805.0384239789296,7.922247162385119,287.7119999999777,0.998003992015968
Residual SAC-MPC,RL hybrid,9.0,saturation,step_load_disturbance,28.517745020124764,1898.9442789255693,18.426330494000013,287.7119999999777,0.998003992015968
Residual SAC-MPC,RL hybrid,9.0,saturation,ramp,3.2081296216520694,23.575328249958197,10.54466944238264,264.30211393013127,0.8303393213572854
Residual SAC-MPC,RL hybrid,9.0,saturation,sine,26.94078711097768,2198.194417903253,7.922247162375385,287.7119999999777,0.998003992015968
Residual SAC-MPC,RL hybrid,9.0,combined_stress,step_nominal,29.81582340925516,2045.102257016664,19.95497979276737,287.7119999999777,0.998003992015968
Residual SAC-MPC,RL hybrid,9.0,combined_stress,step_load_disturbance,31.379524632413023,2167.610659306989,30.325407092927847,287.7119999999777,0.998003992015968
Residual SAC-MPC,RL hybrid,9.0,combined_stress,ramp,5.934753012529483,87.39122241162016,22.19186925504053,272.9529605617054,0.9101796407185628
Residual SAC-MPC,RL hybrid,9.0,combined_stress,sine,29.815823409255163,2399.969373961576,19.95497979275764,287.7119999999777,0.998003992015968
Residual SAC-Hinf,RL hybrid,0.0,nominal,step_nominal,12.217089692426006,811.2867132502616,0.0064828775200425,142.27432778171334,0.4830339321357285
Residual SAC-Hinf,RL hybrid,0.0,nominal,step_load_disturbance,12.259080579614755,811.7451559864179,0.1218752215247889,148.17559642167546,0.4910179640718562
Residual SAC-Hinf,RL hybrid,0.0,nominal,ramp,0.2678141550453712,0.1503254003437898,0.81579720685626,68.5657660479222,0.0
Residual SAC-Hinf,RL hybrid,0.0,nominal,sine,15.485576048723674,1171.2611666091348,0.7274158167591622,163.85911786854317,0.4890219560878243
Residual SAC-Hinf,RL hybrid,0.0,ra_plus_50,step_nominal,16.809659949376957,1108.712511959185,0.0974338006682415,197.97456121245412,0.6766467065868264
Residual SAC-Hinf,RL hybrid,0.0,ra_plus_50,step_load_disturbance,17.226332287843956,1119.4149552251642,0.1222210513488306,213.13183030465424,0.718562874251497
Residual SAC-Hinf,RL hybrid,0.0,ra_plus_50,ramp,0.4319870408343416,0.378366563804102,1.1151901987948918,140.73957177780528,0.0
Residual SAC-Hinf,RL hybrid,0.0,ra_plus_50,sine,19.531007939319625,1545.5864451587768,0.975457030260003,206.51749992340496,0.6027944111776448
Residual SAC-Hinf,RL hybrid,0.0,j_plus_50,step_nominal,18.284133439179836,1216.1087878519213,0.1168929445504147,211.38597392326096,0.7245508982035929
Residual SAC-Hinf,RL hybrid,0.0,j_plus_50,step_load_disturbance,18.65566912068681,1226.7958112815877,0.2029616242350584,222.421512858794,0.7564870259481038
Residual SAC-Hinf,RL hybrid,0.0,j_plus_50,ramp,0.4515229326834957,0.4115717569880499,1.1415115185447604,140.66558001089157,0.0
Residual SAC-Hinf,RL hybrid,0.0,j_plus_50,sine,20.69063962355125,1665.991626104978,1.03424964194501,211.93525117126097,0.6347305389221557
Residual SAC-Hinf,RL hybrid,0.0,friction,step_nominal,12.486873120305196,828.9703492845957,0.0320466183141121,146.06049848542563,0.4950099800399201
Residual SAC-Hinf,RL hybrid,0.0,friction,step_load_disturbance,12.531205574863067,829.6009882659456,0.1489720004459229,152.55822613873033,0.5029940119760479
Residual SAC-Hinf,RL hybrid,0.0,friction,ramp,0.2830374180394349,0.1670122814052023,0.8490117526630314,73.8599540577318,0.0
Residual SAC-Hinf,RL hybrid,0.0,friction,sine,15.752699390447042,1195.8725716134618,0.7649476125933177,166.00374307062947,0.497005988023952
Residual SAC-Hinf,RL hybrid,0.0,saturation,step_nominal,26.940787110977677,1805.0384239789296,7.922247162385119,287.7119999999777,0.998003992015968
Residual SAC-Hinf,RL hybrid,0.0,saturation,step_load_disturbance,28.517745020124764,1898.9442789255693,18.426330494000013,287.7119999999777,0.998003992015968
Residual SAC-Hinf,RL hybrid,0.0,saturation,ramp,2.5974514349401394,16.224771668641054,9.263629414963944,274.9870452682077,0.906187624750499
Residual SAC-Hinf,RL hybrid,0.0,saturation,sine,26.94078711097768,2198.194417903253,7.922247162375385,287.7119999999777,0.998003992015968
Residual SAC-Hinf,RL hybrid,0.0,combined_stress,step_nominal,29.81582340925516,2045.102257016664,19.95497979276737,287.7119999999777,0.998003992015968
Residual SAC-Hinf,RL hybrid,0.0,combined_stress,step_load_disturbance,31.379524632413023,2167.610659306989,30.325407092927847,287.7119999999777,0.998003992015968
Residual SAC-Hinf,RL hybrid,0.0,combined_stress,ramp,5.362124396975861,74.15171595194755,21.03654840349995,280.3542315611553,0.9500998003992016
Residual SAC-Hinf,RL hybrid,0.0,combined_stress,sine,29.815823409255163,2399.969373961576,19.95497979275764,287.7119999999777,0.998003992015968
Residual SAC-Hinf,RL hybrid,1.0,nominal,step_nominal,12.317845443069835,811.3478851190334,0.5708864413285397,142.60530190630934,0.4810379241516966
Residual SAC-Hinf,RL hybrid,1.0,nominal,step_load_disturbance,12.299245768325484,811.7617837997238,0.2637184760411912,148.25684711136495,0.4890219560878243
Residual SAC-Hinf,RL hybrid,1.0,nominal,ramp,0.1458182265525223,0.0446985391594307,0.2211536461028487,69.01855618983838,0.0
Residual SAC-Hinf,RL hybrid,1.0,nominal,sine,15.547258188901326,1171.3461124980106,0.592597530768245,163.1674254703954,0.4890219560878243
Residual SAC-Hinf,RL hybrid,1.0,ra_plus_50,step_nominal,16.87613144178608,1108.748405053628,0.5374469307866718,198.6450718807888,0.6766467065868264
Residual SAC-Hinf,RL hybrid,1.0,ra_plus_50,step_load_disturbance,17.229666882868706,1119.4163649185416,0.1678367068119683,213.08176643010023,0.7145708582834331
Residual SAC-Hinf,RL hybrid,1.0,ra_plus_50,ramp,0.3394024071472759,0.2342182190038314,0.6010176987939957,141.7288311296241,0.0
Residual SAC-Hinf,RL hybrid,1.0,ra_plus_50,sine,19.5795185492042,1545.649903088265,1.2029722821663853,204.94261411168705,0.5968063872255489
Residual SAC-Hinf,RL hybrid,1.0,j_plus_50,step_nominal,18.337400964160068,1216.1382423631546,0.5308920587214345,212.0447178669725,0.7245508982035929
Residual SAC-Hinf,RL hybrid,1.0,j_plus_50,step_load_disturbance,18.657708258296424,1226.796977917795,0.2301076791597296,222.32148870570117,0.7524950099800399
Residual SAC-Hinf,RL hybrid,1.0,j_plus_50,ramp,0.3610145950062037,0.2660626911227602,0.6283658208565299,141.71494424188825,0.0
Residual SAC-Hinf,RL hybrid,1.0,j_plus_50,sine,20.731372143331622,1666.0405238676196,1.2407262377075483,210.7379075565061,0.6227544910179641
Residual SAC-Hinf,RL hybrid,1.0,friction,step_nominal,12.572636974077104,829.0208066792959,0.5341773621693449,146.36415343602388,0.4930139720558882
Residual SAC-Hinf,RL hybrid,1.0,friction,step_load_disturbance,12.56468642981932,829.6133884430309,0.2235950707675869,152.6504181357211,0.500998003992016
Residual SAC-Hinf,RL hybrid,1.0,friction,ramp,0.1640532977833362,0.056095093917378,0.2565431130554572,74.38864912388442,0.0
Residual SAC-Hinf,RL hybrid,1.0,friction,sine,15.809536968014546,1195.9482382349358,0.6292245881197402,165.32391503252578,0.4950099800399201
Residual SAC-Hinf,RL hybrid,1.0,saturation,step_nominal,26.940787110977677,1805.0384239789296,7.922247162385119,287.7119999999777,0.998003992015968
Residual SAC-Hinf,RL hybrid,1.0,saturation,step_load_disturbance,28.517745020124764,1898.9442789255693,18.426330494000013,287.7119999999777,0.998003992015968
Residual SAC-Hinf,RL hybrid,1.0,saturation,ramp,2.586672206188226,16.113844713071394,9.241736194732866,273.26534124069894,0.9021956087824352
Residual SAC-Hinf,RL hybrid,1.0,saturation,sine,26.94078711097768,2198.194417903253,7.922247162375385,287.7119999999777,0.998003992015968
Residual SAC-Hinf,RL hybrid,1.0,combined_stress,step_nominal,29.81582340925516,2045.102257016664,19.95497979276737,287.7119999999777,0.998003992015968
Residual SAC-Hinf,RL hybrid,1.0,combined_stress,step_load_disturbance,31.379524632413023,2167.610659306989,30.325407092927847,287.7119999999777,0.998003992015968
Residual SAC-Hinf,RL hybrid,1.0,combined_stress,ramp,5.352221350441935,73.95156711212137,21.0181978126205,279.1730640312364,0.9441117764471058
Residual SAC-Hinf,RL hybrid,1.0,combined_stress,sine,29.815823409255163,2399.969373961576,19.95497979275764,287.7119999999777,0.998003992015968
Residual SAC-Hinf,RL hybrid,2.0,nominal,step_nominal,12.31246119707498,811.3426229359851,0.44127801894318,142.46788260166988,0.4810379241516966
Residual SAC-Hinf,RL hybrid,2.0,nominal,step_load_disturbance,12.305601455815117,811.765813682492,0.2326079602427455,148.30446411108682,0.4910179640718562
Residual SAC-Hinf,RL hybrid,2.0,nominal,ramp,0.5328933625246064,0.626107041595543,0.5773629969715586,69.5118799229015,0.0
Residual SAC-Hinf,RL hybrid,2.0,nominal,sine,15.561722370428608,1171.357766719423,0.9053796947124796,162.7219087061419,0.4890219560878243
Residual SAC-Hinf,RL hybrid,2.0,ra_plus_50,step_nominal,16.875609399809747,1108.748197194851,0.4876292537735907,198.3933759257596,0.6746506986027944
Residual SAC-Hinf,RL hybrid,2.0,ra_plus_50,step_load_disturbance,17.23393754526049,1119.4180922711,0.1992243514227993,213.0626183681523,0.716566866267465
Residual SAC-Hinf,RL hybrid,2.0,ra_plus_50,ramp,0.6393380538753101,0.9439371637729344,0.661539085611679,143.22516842201486,0.0079840319361277
Residual SAC-Hinf,RL hybrid,2.0,ra_plus_50,sine,19.592189605117685,1545.6741003870882,1.1109052431105937,204.99610975436303,0.6187624750499002
Residual SAC-Hinf,RL hybrid,2.0,j_plus_50,step_nominal,18.33630109645411,1216.137623635722,0.4928463532048397,211.73377646543588,0.7225548902195609
Residual SAC-Hinf,RL hybrid,2.0,j_plus_50,step_load_disturbance,18.65975942313236,1226.798178175176,0.2462691476684995,222.1759454885966,0.7544910179640718
Residual SAC-Hinf,RL hybrid,2.0,j_plus_50,ramp,0.7128579740795307,1.0949420797068294,0.976024361166978,141.9056406811652,0.0
Residual SAC-Hinf,RL hybrid,2.0,j_plus_50,sine,20.756483425584044,1666.0926809359262,1.556752009660002,209.4839759235436,0.6207584830339321
Residual SAC-Hinf,RL hybrid,2.0,friction,step_nominal,12.567424407449938,829.0160426612034,0.416474637873975,146.2177156231706,0.4910179640718562
Residual SAC-Hinf,RL hybrid,2.0,friction,step_load_disturbance,12.570572963356923,829.6166303875332,0.199511448562319,152.6794035312079,0.500998003992016
Residual SAC-Hinf,RL hybrid,2.0,friction,ramp,0.5502169093752527,0.6640298892942932,0.6199150036624701,74.78889127275197,0.0
Residual SAC-Hinf,RL hybrid,2.0,friction,sine,15.824768904032284,1195.9625467780425,0.948137750463431,164.89394248077866,0.497005988023952
Residual SAC-Hinf,RL hybrid,2.0,saturation,step_nominal,26.940787110977677,1805.0384239789296,7.922247162385119,287.7119999999777,0.998003992015968
Residual SAC-Hinf,RL hybrid,2.0,saturation,step_load_disturbance,28.517745020124764,1898.9442789255693,18.426330494000013,287.7119999999777,0.998003992015968
Residual SAC-Hinf,RL hybrid,2.0,saturation,ramp,2.8007582492808707,18.37515535607873,9.65544194774752,276.00913665016446,0.9221556886227544
Residual SAC-Hinf,RL hybrid,2.0,saturation,sine,26.94078711097768,2198.194417903253,7.922247162375385,287.7119999999777,0.998003992015968
Residual SAC-Hinf,RL hybrid,2.0,combined_stress,step_nominal,29.81582340925516,2045.102257016664,19.95497979276737,287.7119999999777,0.998003992015968
Residual SAC-Hinf,RL hybrid,2.0,combined_stress,step_load_disturbance,31.379524632413023,2167.610659306989,30.325407092927847,287.7119999999777,0.998003992015968
Residual SAC-Hinf,RL hybrid,2.0,combined_stress,ramp,5.549574348342157,78.20704586799691,21.40064420534172,279.548666984363,0.9540918163672656
Residual SAC-Hinf,RL hybrid,2.0,combined_stress,sine,29.815823409255163,2399.969373961576,19.95497979275764,287.7119999999777,0.998003992015968
Residual SAC-Hinf,RL hybrid,3.0,nominal,step_nominal,12.28062217752535,811.3238774235987,0.0266747555710935,142.5693125663251,0.4830339321357285
Residual SAC-Hinf,RL hybrid,3.0,nominal,step_load_disturbance,12.250331531093847,811.7433168336391,0.1470920472001893,147.97620928312057,0.4890219560878243
Residual SAC-Hinf,RL hybrid,3.0,nominal,ramp,0.4711731531806443,0.4896966187003881,0.6421194340972534,69.0921753706775,0.0
Residual SAC-Hinf,RL hybrid,3.0,nominal,sine,15.558867089099364,1171.3749643573683,0.8071877531069589,163.50059997177925,0.4910179640718562
Residual SAC-Hinf,RL hybrid,3.0,ra_plus_50,step_nominal,16.85693327730878,1108.7339238815582,0.1540899689734516,198.5079400586369,0.6746506986027944
Residual SAC-Hinf,RL hybrid,3.0,ra_plus_50,step_load_disturbance,17.235178659389334,1119.419191521596,0.2324693330458132,212.29250674919885,0.7125748502994012
Residual SAC-Hinf,RL hybrid,3.0,ra_plus_50,ramp,0.5152314291040618,0.6027153685649391,0.8363083906043727,142.78124957106337,0.0019960079840319
Residual SAC-Hinf,RL hybrid,3.0,ra_plus_50,sine,19.587446546525737,1545.6705893254389,1.167872781001165,205.30108024429416,0.5948103792415169
Residual SAC-Hinf,RL hybrid,3.0,j_plus_50,step_nominal,18.32032120542252,1216.1251019372082,0.1764967868252682,211.77390669581885,0.720558882235529
Residual SAC-Hinf,RL hybrid,3.0,j_plus_50,step_load_disturbance,18.64936672980677,1226.7943207843116,0.1673384499472234,221.56920443154604,0.7524950099800399
Residual SAC-Hinf,RL hybrid,3.0,j_plus_50,ramp,0.4862927322747794,0.5143219786554594,0.7765724946667518,145.91217453187443,0.0119760479041916
Residual SAC-Hinf,RL hybrid,3.0,j_plus_50,sine,20.73612367554951,1666.053553996203,1.1656376547520892,211.15121459603117,0.6327345309381237
Residual SAC-Hinf,RL hybrid,3.0,friction,step_nominal,12.53648196609873,829.0001063344421,0.0076640113079946,146.2919326484134,0.4930139720558882
Residual SAC-Hinf,RL hybrid,3.0,friction,step_load_disturbance,12.531608699412656,829.6017185816335,0.1791702802148052,152.35459111316348,0.500998003992016
Residual SAC-Hinf,RL hybrid,3.0,friction,ramp,0.4779278791975238,0.5063041937312579,0.6548304185083538,75.1789223358526,0.0
Residual SAC-Hinf,RL hybrid,3.0,friction,sine,15.820582663944425,1195.9750607821172,0.8392125044025533,165.5816680664934,0.497005988023952
Residual SAC-Hinf,RL hybrid,3.0,saturation,step_nominal,26.940787110977677,1805.0384239789296,7.922247162385119,287.7119999999777,0.998003992015968
Residual SAC-Hinf,RL hybrid,3.0,saturation,step_load_disturbance,28.517745020124764,1898.9442789255693,18.426330494000013,287.7119999999777,0.998003992015968
Residual SAC-Hinf,RL hybrid,3.0,saturation,ramp,2.723130632380563,17.496448045087128,9.495937857817353,278.1188545959325,0.940119760479042
Residual SAC-Hinf,RL hybrid,3.0,saturation,sine,26.94078711097768,2198.194417903253,7.922247162375385,287.7119999999777,0.998003992015968
Residual SAC-Hinf,RL hybrid,3.0,combined_stress,step_nominal,29.81582340925516,2045.102257016664,19.95497979276737,287.7119999999777,0.998003992015968
Residual SAC-Hinf,RL hybrid,3.0,combined_stress,step_load_disturbance,31.379524632413023,2167.610659306989,30.325407092927847,287.7119999999777,0.998003992015968
Residual SAC-Hinf,RL hybrid,3.0,combined_stress,ramp,5.489874030196235,76.86475018082349,21.280986187823743,280.63727829565624,0.9600798403193612
Residual SAC-Hinf,RL hybrid,3.0,combined_stress,sine,29.815823409255163,2399.969373961576,19.95497979275764,287.7119999999777,0.998003992015968
Residual SAC-Hinf,RL hybrid,4.0,nominal,step_nominal,12.311496199340755,811.3417579615185,0.4458869251625117,142.28390373375822,0.4790419161676646
Residual SAC-Hinf,RL hybrid,4.0,nominal,step_load_disturbance,12.310971128796291,811.7703955019393,0.3988543135768196,148.1119422702056,0.4890219560878243
Residual SAC-Hinf,RL hybrid,4.0,nominal,ramp,0.160684929166859,0.0571392185037581,0.5197581244532898,68.51361844933363,0.0
Residual SAC-Hinf,RL hybrid,4.0,nominal,sine,15.582830483244964,1171.41658738137,0.8183263199853172,162.82424903583393,0.4890219560878243
Residual SAC-Hinf,RL hybrid,4.0,ra_plus_50,step_nominal,16.876179568991798,1108.7488628257895,0.4800898344063995,198.28882560768744,0.6746506986027944
Residual SAC-Hinf,RL hybrid,4.0,ra_plus_50,step_load_disturbance,17.24547041838168,1119.4239900351936,0.3327269171443276,213.40302199117747,0.718562874251497
Residual SAC-Hinf,RL hybrid,4.0,ra_plus_50,ramp,0.3377970297491396,0.2341977596067918,0.8892755453046135,140.61208219445058,0.0
Residual SAC-Hinf,RL hybrid,4.0,ra_plus_50,sine,19.602279758529964,1545.6998364001631,1.3350552458437903,204.47115333371545,0.5948103792415169
Residual SAC-Hinf,RL hybrid,4.0,j_plus_50,step_nominal,18.33741667049768,1216.1389661295348,0.485412003744301,211.5117894824785,0.718562874251497
Residual SAC-Hinf,RL hybrid,4.0,j_plus_50,step_load_disturbance,18.672335845500125,1226.805981100228,0.3970327382432685,222.4996270572849,0.7544910179640718
Residual SAC-Hinf,RL hybrid,4.0,j_plus_50,ramp,0.3654495064938782,0.2730123527505363,0.9624888206383132,140.40832095787607,0.0
Residual SAC-Hinf,RL hybrid,4.0,j_plus_50,sine,20.75662704081195,1666.092994589421,1.491855588932296,209.8277621429984,0.6287425149700598
Residual SAC-Hinf,RL hybrid,4.0,friction,step_nominal,12.565906057543286,829.0148940418695,0.4064001858274224,146.02168825481823,0.4890219560878243
Residual SAC-Hinf,RL hybrid,4.0,friction,step_load_disturbance,12.577755102332867,829.6218332715149,0.3634098514957031,152.52040094876884,0.500998003992016
Residual SAC-Hinf,RL hybrid,4.0,friction,ramp,0.1783210369235723,0.0690831581594516,0.5568688349234066,73.85279756354753,0.0
Residual SAC-Hinf,RL hybrid,4.0,friction,sine,15.844633068697036,1196.0155159236106,0.8581759271148854,164.9769104057434,0.4950099800399201
Residual SAC-Hinf,RL hybrid,4.0,saturation,step_nominal,26.940787110977677,1805.0384239789296,7.922247162385119,287.7119999999777,0.998003992015968
Residual SAC-Hinf,RL hybrid,4.0,saturation,step_load_disturbance,28.517745020124764,1898.9442789255693,18.426330494000013,287.7119999999777,0.998003992015968
Residual SAC-Hinf,RL hybrid,4.0,saturation,ramp,2.365567092879446,13.90972888772226,8.80007227530281,275.08948505065405,0.8882235528942116
Residual SAC-Hinf,RL hybrid,4.0,saturation,sine,26.94078711097768,2198.194417903253,7.922247162375385,287.7119999999777,0.998003992015968
Residual SAC-Hinf,RL hybrid,4.0,combined_stress,step_nominal,29.81582340925516,2045.102257016664,19.95497979276737,287.7119999999777,0.998003992015968
Residual SAC-Hinf,RL hybrid,4.0,combined_stress,step_load_disturbance,31.379524632413023,2167.610659306989,30.325407092927847,287.7119999999777,0.998003992015968
Residual SAC-Hinf,RL hybrid,4.0,combined_stress,ramp,5.09764324584633,68.54750261595873,20.509542357171934,282.8619247689745,0.9640718562874252
Residual SAC-Hinf,RL hybrid,4.0,combined_stress,sine,29.815823409255163,2399.969373961576,19.95497979275764,287.7119999999777,0.998003992015968
Residual SAC-Hinf,RL hybrid,5.0,nominal,step_nominal,12.326321174355332,811.3562475633355,0.4972272672667941,142.962172899807,0.4850299401197604
Residual SAC-Hinf,RL hybrid,5.0,nominal,step_load_disturbance,12.323610655424984,811.7777998305517,0.3762598905358629,148.6462102691415,0.4910179640718562
Residual SAC-Hinf,RL hybrid,5.0,nominal,ramp,0.1551918587432263,0.0513216703638561,0.226507967633907,69.18609494728234,0.0
Residual SAC-Hinf,RL hybrid,5.0,nominal,sine,15.56456928630988,1171.386508715616,0.5548222894048962,163.43899308600675,0.4890219560878243
Residual SAC-Hinf,RL hybrid,5.0,ra_plus_50,step_nominal,16.885817198325466,1108.7583113360388,0.5573414309316149,198.86899134820567,0.6786427145708582
Residual SAC-Hinf,RL hybrid,5.0,ra_plus_50,step_load_disturbance,17.247838258071283,1119.4254205857765,0.3404417949635103,213.47727665313656,0.718562874251497
Residual SAC-Hinf,RL hybrid,5.0,ra_plus_50,ramp,0.3387605083851406,0.231896219192851,0.6091919310556477,141.95613240023843,0.0
Residual SAC-Hinf,RL hybrid,5.0,ra_plus_50,sine,19.58351163951356,1545.6608078420436,1.0277489995100666,205.6090322567431,0.5968063872255489
Residual SAC-Hinf,RL hybrid,5.0,j_plus_50,step_nominal,18.345877289394245,1216.1468682506927,0.5618628414976286,212.3118596687629,0.7265469061876247
Residual SAC-Hinf,RL hybrid,5.0,j_plus_50,step_load_disturbance,18.67432007012772,1226.807238053245,0.4076124015334272,222.79160021553912,0.7564870259481038
Residual SAC-Hinf,RL hybrid,5.0,j_plus_50,ramp,0.3622658726829812,0.2668142322268247,0.6206333046913812,141.93308298237852,0.0
Residual SAC-Hinf,RL hybrid,5.0,j_plus_50,sine,20.73431499480907,1666.0458861331117,1.0690436024088257,211.4976548811524,0.6227544910179641
Residual SAC-Hinf,RL hybrid,5.0,friction,step_nominal,12.58127490175602,829.0287930040645,0.4655056296251985,146.69176724162554,0.4950099800399201
Residual SAC-Hinf,RL hybrid,5.0,friction,step_load_disturbance,12.589841571504126,829.6281471175924,0.3503232017507542,153.0533648713322,0.5029940119760479
Residual SAC-Hinf,RL hybrid,5.0,friction,ramp,0.1732408768295228,0.0632631274762634,0.2610245679856291,74.5626032263597,0.0
Residual SAC-Hinf,RL hybrid,5.0,friction,sine,15.826481243058923,1195.9855348571946,0.5956607216306224,165.59339023573256,0.497005988023952
Residual SAC-Hinf,RL hybrid,5.0,saturation,step_nominal,26.940787110977677,1805.0384239789296,7.922247162385119,287.7119999999777,0.998003992015968
Residual SAC-Hinf,RL hybrid,5.0,saturation,step_load_disturbance,28.517745020124764,1898.9442789255693,18.426330494000013,287.7119999999777,0.998003992015968
Residual SAC-Hinf,RL hybrid,5.0,saturation,ramp,2.505596497225082,15.23624533460533,9.06749021875966,275.5034682169445,0.9001996007984032
Residual SAC-Hinf,RL hybrid,5.0,saturation,sine,26.94078711097768,2198.194417903253,7.922247162375385,287.7119999999777,0.998003992015968
Residual SAC-Hinf,RL hybrid,5.0,combined_stress,step_nominal,29.81582340925516,2045.102257016664,19.95497979276737,287.7119999999777,0.998003992015968
Residual SAC-Hinf,RL hybrid,5.0,combined_stress,step_load_disturbance,31.379524632413023,2167.610659306989,30.325407092927847,287.7119999999777,0.998003992015968
Residual SAC-Hinf,RL hybrid,5.0,combined_stress,ramp,5.309331037579646,72.98096972219611,20.92821836377898,281.03399969265445,0.9540918163672656
Residual SAC-Hinf,RL hybrid,5.0,combined_stress,sine,29.815823409255163,2399.969373961576,19.95497979275764,287.7119999999777,0.998003992015968
Residual SAC-Hinf,RL hybrid,6.0,nominal,step_nominal,12.294116842932384,811.3252439271374,0.3901452416542099,142.80880908712808,0.4850299401197604
Residual SAC-Hinf,RL hybrid,6.0,nominal,step_load_disturbance,12.314314543928552,811.7709496020507,0.3174145646208757,148.5301275792985,0.4910179640718562
Residual SAC-Hinf,RL hybrid,6.0,nominal,ramp,0.1941169370881383,0.094911929441964,0.67515115106184,68.30222457061403,0.0
Residual SAC-Hinf,RL hybrid,6.0,nominal,sine,15.49775832772488,1171.2588158220465,0.7766832640619867,163.4489478041004,0.4910179640718562
Residual SAC-Hinf,RL hybrid,6.0,ra_plus_50,step_nominal,16.86549890462012,1108.7385832871068,0.4330907675370667,198.54847856013996,0.6786427145708582
Residual SAC-Hinf,RL hybrid,6.0,ra_plus_50,step_load_disturbance,17.243456956602056,1119.4228286304117,0.2897372335224162,213.28017293707663,0.716566866267465
Residual SAC-Hinf,RL hybrid,6.0,ra_plus_50,ramp,0.3640775411005197,0.2834221600861928,1.069889195076783,140.10587849096248,0.0
Residual SAC-Hinf,RL hybrid,6.0,ra_plus_50,sine,19.556050256140747,1545.6123506076265,1.1323395850414926,205.39375059662584,0.6127744510978044
Residual SAC-Hinf,RL hybrid,6.0,j_plus_50,step_nominal,18.328540384941505,1216.1301509000473,0.4354656009871291,211.967504103064,0.7265469061876247
Residual SAC-Hinf,RL hybrid,6.0,j_plus_50,step_load_disturbance,18.67051390003192,1226.8045922910037,0.3618344484972198,222.50338668515045,0.7544910179640718
Residual SAC-Hinf,RL hybrid,6.0,j_plus_50,ramp,0.3842182932841061,0.3163296031095758,1.1293730311429755,139.93749503480146,0.0
Residual SAC-Hinf,RL hybrid,6.0,j_plus_50,sine,20.716187511907467,1666.019429477026,1.1984274411889402,211.21184872151045,0.6427145708582834
Residual SAC-Hinf,RL hybrid,6.0,friction,step_nominal,12.54972449784162,829.000546018665,0.3519975242800512,146.50678120503568,0.4950099800399201
Residual SAC-Hinf,RL hybrid,6.0,friction,step_load_disturbance,12.579867207271429,829.6214725170478,0.2807160267200999,152.92496564751738,0.5029940119760479
Residual SAC-Hinf,RL hybrid,6.0,friction,ramp,0.2112505814644586,0.1090551968447604,0.715264288429708,73.62928097700512,0.0
Residual SAC-Hinf,RL hybrid,6.0,friction,sine,15.762740607872413,1195.869953421078,0.8142768662167725,165.5060941543515,0.497005988023952
Residual SAC-Hinf,RL hybrid,6.0,saturation,step_nominal,26.940787110977677,1805.0384239789296,7.922247162385119,287.7119999999777,0.998003992015968
Residual SAC-Hinf,RL hybrid,6.0,saturation,step_load_disturbance,28.517745020124764,1898.9442789255693,18.426330494000013,287.7119999999777,0.998003992015968
Residual SAC-Hinf,RL hybrid,6.0,saturation,ramp,2.276549067673784,13.001669545527498,8.59976440740472,279.3670035256713,0.934131736526946
Residual SAC-Hinf,RL hybrid,6.0,saturation,sine,26.94078711097768,2198.194417903253,7.922247162375385,287.7119999999777,0.998003992015968
Residual SAC-Hinf,RL hybrid,6.0,combined_stress,step_nominal,29.81582340925516,2045.102257016664,19.95497979276737,287.7119999999777,0.998003992015968
Residual SAC-Hinf,RL hybrid,6.0,combined_stress,step_load_disturbance,31.379524632413023,2167.610659306989,30.325407092927847,287.7119999999777,0.998003992015968
Residual SAC-Hinf,RL hybrid,6.0,combined_stress,ramp,5.0954570246890265,68.50176016380762,20.50512744719134,282.92316982283734,0.9660678642714572
Residual SAC-Hinf,RL hybrid,6.0,combined_stress,sine,29.815823409255163,2399.969373961576,19.95497979275764,287.7119999999777,0.998003992015968
Residual SAC-Hinf,RL hybrid,7.0,nominal,step_nominal,12.3029627797495,811.3332986063206,0.4854308143438146,142.7791433549481,0.4850299401197604
Residual SAC-Hinf,RL hybrid,7.0,nominal,step_load_disturbance,12.327093107755651,811.7807619688497,0.4220156838170084,148.65709679248755,0.4930139720558882
Residual SAC-Hinf,RL hybrid,7.0,nominal,ramp,0.2064238285672498,0.1023027391053385,0.3139304504887263,69.34966185003746,0.0
Residual SAC-Hinf,RL hybrid,7.0,nominal,sine,15.563860973329223,1171.3875793706018,0.5849265485549751,162.79403794362074,0.4890219560878243
Residual SAC-Hinf,RL hybrid,7.0,ra_plus_50,step_nominal,16.87468733789717,1108.7469448506488,0.5127148797391641,198.71983177131096,0.6786427145708582
Residual SAC-Hinf,RL hybrid,7.0,ra_plus_50,step_load_disturbance,17.250175914706993,1119.427042141154,0.3615666502844874,213.4673143534328,0.718562874251497
Residual SAC-Hinf,RL hybrid,7.0,ra_plus_50,ramp,0.3868915881517293,0.3116094951692834,0.6878294357475312,141.92440903325445,0.0
Residual SAC-Hinf,RL hybrid,7.0,ra_plus_50,sine,19.58723411068375,1545.6719612818229,1.123186023840205,204.84763531039576,0.5968063872255489
Residual SAC-Hinf,RL hybrid,7.0,j_plus_50,step_nominal,18.336941212953768,1216.1377591628786,0.5158690408130155,212.15400393645612,0.7265469061876247
Residual SAC-Hinf,RL hybrid,7.0,j_plus_50,step_load_disturbance,18.676197087745383,1226.8088922485165,0.4287264029206596,222.6995728002278,0.7564870259481038
Residual SAC-Hinf,RL hybrid,7.0,j_plus_50,ramp,0.3979553881563248,0.3294828148237617,0.67864913394979,142.02916597149522,0.0
Residual SAC-Hinf,RL hybrid,7.0,j_plus_50,sine,20.733858784578917,1666.048116000254,1.109109551839623,210.8340547088728,0.6227544910179641
Residual SAC-Hinf,RL hybrid,7.0,friction,step_nominal,12.558161764497882,829.0075893766725,0.4488213401197782,146.5082813119833,0.4950099800399201
Residual SAC-Hinf,RL hybrid,7.0,friction,step_load_disturbance,12.592061344264954,829.6299308376235,0.3867215259889747,153.049211518518,0.5049900199600799
Residual SAC-Hinf,RL hybrid,7.0,friction,ramp,0.2230583055052607,0.116177864015891,0.3466844097570742,74.66030005777927,0.0
Residual SAC-Hinf,RL hybrid,7.0,friction,sine,15.825026767682711,1195.98629334899,0.6189484705169406,164.9814080604596,0.4950099800399201
Residual SAC-Hinf,RL hybrid,7.0,saturation,step_nominal,26.940787110977677,1805.0384239789296,7.922247162385119,287.7119999999777,0.998003992015968
Residual SAC-Hinf,RL hybrid,7.0,saturation,step_load_disturbance,28.517745020124764,1898.9442789255693,18.426330494000013,287.7119999999777,0.998003992015968
Residual SAC-Hinf,RL hybrid,7.0,saturation,ramp,2.5786708103731395,16.033826051847978,9.227359921200543,275.02298414016377,0.906187624750499
Residual SAC-Hinf,RL hybrid,7.0,saturation,sine,26.94078711097768,2198.194417903253,7.922247162375385,287.7119999999777,0.998003992015968
Residual SAC-Hinf,RL hybrid,7.0,combined_stress,step_nominal,29.81582340925516,2045.102257016664,19.95497979276737,287.7119999999777,0.998003992015968
Residual SAC-Hinf,RL hybrid,7.0,combined_stress,step_load_disturbance,31.379524632413023,2167.610659306989,30.325407092927847,287.7119999999777,0.998003992015968
Residual SAC-Hinf,RL hybrid,7.0,combined_stress,ramp,5.338826009653986,73.65786469594785,20.99133032815668,280.52406901315385,0.9481037924151696
Residual SAC-Hinf,RL hybrid,7.0,combined_stress,sine,29.815823409255163,2399.969373961576,19.95497979275764,287.7119999999777,0.998003992015968
Residual SAC-Hinf,RL hybrid,8.0,nominal,step_nominal,12.315906866354332,811.3452397955017,0.513524388417423,142.94886098803045,0.4850299401197604
Residual SAC-Hinf,RL hybrid,8.0,nominal,step_load_disturbance,12.254542223623732,811.7435690196851,0.1772333146661537,148.41058760010355,0.4930139720558882
Residual SAC-Hinf,RL hybrid,8.0,nominal,ramp,0.141485505404648,0.0414016177604628,0.2269698496819643,69.53053829504258,0.0
Residual SAC-Hinf,RL hybrid,8.0,nominal,sine,15.52877675671993,1171.3256494955815,0.4767575610864867,163.7228049280608,0.4910179640718562
Residual SAC-Hinf,RL hybrid,8.0,ra_plus_50,step_nominal,16.876787337188357,1108.748820225036,0.5023874715662373,198.81376391346575,0.6786427145708582
Residual SAC-Hinf,RL hybrid,8.0,ra_plus_50,step_load_disturbance,17.216610993614687,1119.4127814209771,0.1112159217246215,212.98891881763197,0.718562874251497
Residual SAC-Hinf,RL hybrid,8.0,ra_plus_50,ramp,0.3342897816556812,0.2244909438083148,0.6127443904620691,142.32505622240907,0.0
Residual SAC-Hinf,RL hybrid,8.0,ra_plus_50,sine,19.56477515804746,1545.6247435065766,1.013464366808364,205.65551147259933,0.5968063872255489
Residual SAC-Hinf,RL hybrid,8.0,j_plus_50,step_nominal,18.33821322549309,1216.138825770338,0.503634703831608,212.2475452948692,0.7265469061876247
Residual SAC-Hinf,RL hybrid,8.0,j_plus_50,step_load_disturbance,18.65034308103452,1226.7937789728846,0.2052447399817225,222.32940157990524,0.7564870259481038
Residual SAC-Hinf,RL hybrid,8.0,j_plus_50,ramp,0.3594630295411581,0.2609544590348737,0.6631499256989741,142.15973280983945,0.0
Residual SAC-Hinf,RL hybrid,8.0,j_plus_50,sine,20.712563597714706,1666.008581485053,0.9949540243033396,211.57962760947547,0.6227544910179641
Residual SAC-Hinf,RL hybrid,8.0,friction,step_nominal,12.570887425850716,829.0185188976118,0.4766635771871819,146.6779297398755,0.4950099800399201
Residual SAC-Hinf,RL hybrid,8.0,friction,step_load_disturbance,12.52163684709345,829.5989014484247,0.137258078247271,152.7818672130463,0.5049900199600799
Residual SAC-Hinf,RL hybrid,8.0,friction,ramp,0.1601771943668882,0.0524796670703298,0.2626499932462138,74.81926243609804,0.0
Residual SAC-Hinf,RL hybrid,8.0,friction,sine,15.789566523490908,1195.9239503987526,0.5104621581776598,165.8413035018802,0.497005988023952
Residual SAC-Hinf,RL hybrid,8.0,saturation,step_nominal,26.940787110977677,1805.0384239789296,7.922247162385119,287.7119999999777,0.998003992015968
Residual SAC-Hinf,RL hybrid,8.0,saturation,step_load_disturbance,28.517745020124764,1898.9442789255693,18.426330494000013,287.7119999999777,0.998003992015968
Residual SAC-Hinf,RL hybrid,8.0,saturation,ramp,2.37119426661032,13.858529648840046,8.782401138893519,282.7196962631106,0.9580838323353292
Residual SAC-Hinf,RL hybrid,8.0,saturation,sine,26.94078711097768,2198.194417903253,7.922247162375385,287.7119999999777,0.998003992015968
Residual SAC-Hinf,RL hybrid,8.0,combined_stress,step_nominal,29.81582340925516,2045.102257016664,19.95497979276737,287.7119999999777,0.998003992015968
Residual SAC-Hinf,RL hybrid,8.0,combined_stress,step_load_disturbance,31.379524632413023,2167.610659306989,30.325407092927847,287.7119999999777,0.998003992015968
Residual SAC-Hinf,RL hybrid,8.0,combined_stress,ramp,5.20823604318412,70.79027024477435,20.722973268464088,283.9283799714241,0.9780439121756488
Residual SAC-Hinf,RL hybrid,8.0,combined_stress,sine,29.815823409255163,2399.969373961576,19.95497979275764,287.7119999999777,0.998003992015968
Residual SAC-Hinf,RL hybrid,9.0,nominal,step_nominal,12.269372148170516,811.3104885413512,0.453451477124986,142.59023647956445,0.4810379241516966
Residual SAC-Hinf,RL hybrid,9.0,nominal,step_load_disturbance,12.321571277567996,811.7767552602494,0.3970406276659588,148.40773829091506,0.4910179640718562
Residual SAC-Hinf,RL hybrid,9.0,nominal,ramp,0.1454179841070368,0.0459450890153062,0.2610524258813171,69.38670499516971,0.0
Residual SAC-Hinf,RL hybrid,9.0,nominal,sine,15.581044494218196,1171.4079922764538,1.2125394595032617,162.8420711405136,0.4890219560878243
Residual SAC-Hinf,RL hybrid,9.0,ra_plus_50,step_nominal,16.862984387778518,1108.7371028550144,0.4557848672785809,198.423514381526,0.6766467065868264
Residual SAC-Hinf,RL hybrid,9.0,ra_plus_50,step_load_disturbance,17.248115051884454,1119.4257276260978,0.3431490223536002,213.3746840567681,0.718562874251497
Residual SAC-Hinf,RL hybrid,9.0,ra_plus_50,ramp,0.349484918154801,0.2499008928444951,0.6832608933048192,141.953033394538,0.0
Residual SAC-Hinf,RL hybrid,9.0,ra_plus_50,sine,19.616136313566848,1545.7384866700502,1.6228412888990391,204.4003217949258,0.6207584830339321
Residual SAC-Hinf,RL hybrid,9.0,j_plus_50,step_nominal,18.328882278748065,1216.1305818150338,0.4618838565075265,211.9765784602061,0.7225548902195609
Residual SAC-Hinf,RL hybrid,9.0,j_plus_50,step_load_disturbance,18.67490283917656,1226.8079453068112,0.4166890364586919,222.62618818128556,0.7564870259481038
Residual SAC-Hinf,RL hybrid,9.0,j_plus_50,ramp,0.3411685806895729,0.2358836268474931,0.685314452520501,142.052945265492,0.0
Residual SAC-Hinf,RL hybrid,9.0,j_plus_50,sine,20.761292119524665,1666.1148457423333,1.2929001185749485,211.7747618827712,0.6626746506986028
Residual SAC-Hinf,RL hybrid,9.0,friction,step_nominal,12.522586581451868,828.9861710079755,0.4107229759330408,146.29559000725442,0.4930139720558882
Residual SAC-Hinf,RL hybrid,9.0,friction,step_load_disturbance,12.586457929090257,829.626242020999,0.3605514451603255,152.82873821246432,0.5029940119760479
Residual SAC-Hinf,RL hybrid,9.0,friction,ramp,0.1639676191802906,0.0575062133717273,0.2989187947698184,74.68698023483918,0.0
Residual SAC-Hinf,RL hybrid,9.0,friction,sine,15.842462809696292,1196.008854404758,1.260178267813984,164.9312531620203,0.497005988023952
Residual SAC-Hinf,RL hybrid,9.0,saturation,step_nominal,26.940787110977677,1805.0384239789296,7.922247162385119,287.7119999999777,0.998003992015968
Residual SAC-Hinf,RL hybrid,9.0,saturation,step_load_disturbance,28.517745020124764,1898.9442789255693,18.426330494000013,287.7119999999777,0.998003992015968
Residual SAC-Hinf,RL hybrid,9.0,saturation,ramp,2.625445309616381,16.51177408691979,9.31757712810952,275.3904498616751,0.9121756487025948
Residual SAC-Hinf,RL hybrid,9.0,saturation,sine,26.94078711097768,2198.194417903253,7.922247162375385,287.7119999999777,0.998003992015968
Residual SAC-Hinf,RL hybrid,9.0,combined_stress,step_nominal,29.81582340925516,2045.102257016664,19.95497979276737,287.7119999999777,0.998003992015968
Residual SAC-Hinf,RL hybrid,9.0,combined_stress,step_load_disturbance,31.379524632413023,2167.610659306989,30.325407092927847,287.7119999999777,0.998003992015968
Residual SAC-Hinf,RL hybrid,9.0,combined_stress,ramp,5.355859150645825,74.01415075949622,21.02391908324735,280.3099854332668,0.9481037924151696
Residual SAC-Hinf,RL hybrid,9.0,combined_stress,sine,29.815823409255163,2399.969373961576,19.95497979275764,287.7119999999777,0.998003992015968
LQR,Classical,,nominal,step_nominal,12.14554493920406,806.2868655390929,4.516053024872235e-09,141.49467080499338,0.476
LQR,Classical,,nominal,step_load_disturbance,12.243188558798453,806.762397850581,0.2384229904264245,147.18404124849363,0.484
LQR,Classical,,nominal,ramp,0.6708944584410008,0.9048405284482164,1.3569830358689834,67.78885238255558,0.0
LQR,Classical,,nominal,sine,15.58409239419828,1166.5261978247495,1.5504683189622144,161.48860092026217,0.486
LQR,Classical,,ra_plus_50,step_nominal,16.76295687735815,1103.7215743578868,0.0005759734254328,196.76037837806152,0.668
LQR,Classical,,ra_plus_50,step_load_disturbance,17.213470365581856,1114.443666920754,0.3538121151797594,211.2073460358158,0.706
LQR,Classical,,ra_plus_50,ramp,0.9872983420821568,1.9659861195314945,2.010744270902165,138.6151669007631,0.0
LQR,Classical,,ra_plus_50,sine,19.62932464000081,1540.9326219648483,2.247798755133404,201.40881893289185,0.59
LQR,Classical,,j_plus_50,step_nominal,18.23614683872834,1211.1173998730612,2.5778972757848352e-05,210.11373929166675,0.714
LQR,Classical,,j_plus_50,step_load_disturbance,18.61888164472296,1221.8102814507884,0.2385360462075527,220.49413543500444,0.744
LQR,Classical,,j_plus_50,ramp,0.999350861679674,2.01441158858276,2.0352964353039797,138.548402792246,0.0
LQR,Classical,,j_plus_50,sine,20.7746524114592,1661.3100841247715,2.2743162408967463,207.33055060142493,0.616
LQR,Classical,,friction,step_nominal,12.426643777097622,823.971390978512,0.0596057364309115,145.22747217464837,0.488
LQR,Classical,,friction,step_load_disturbance,12.532448634516603,824.627347263571,0.2980287446907602,151.55080264598251,0.496
LQR,Classical,,friction,ramp,0.7002990630455985,0.985977365122749,1.4165887727472817,73.07230543134094,0.0
LQR,Classical,,friction,sine,15.846791738274048,1191.1305616914758,1.6100740223526742,163.61133437977554,0.492
LQR,Classical,,saturation,step_nominal,26.8947482345604,1800.0698049790526,12.410328991421087,288.0,1.0
LQR,Classical,,saturation,step_load_disturbance,28.47695818537347,1894.1140437533888,22.05902136789357,288.0,1.0
LQR,Classical,,saturation,ramp,2.931379455449051,19.97070338553392,9.52057560774435,270.0033164156698,0.866
LQR,Classical,,saturation,sine,26.894748234560176,2193.2257989033787,6.448788162501064,288.0,1.0
LQR,Classical,,combined_stress,step_nominal,29.775800899153367,2040.3013576260237,23.779816709919142,288.0,1.0
LQR,Classical,,combined_stress,step_load_disturbance,31.34468733596149,2163.0704744647733,33.31574999494058,288.0,1.0
LQR,Classical,,combined_stress,ramp,5.661713530265914,80.84039314782814,20.54226089196116,276.49225867296497,0.926
LQR,Classical,,combined_stress,sine,29.77580089915315,2395.1684745709326,17.818275880999124,288.0,1.0
Hinf,Classical,,nominal,step_nominal,12.140318722922022,806.2818107679653,1.9189735667168863e-09,142.14907374172077,0.482
Hinf,Classical,,nominal,step_load_disturbance,12.21378434638784,806.7461177145153,0.1408012198291629,147.89117599442673,0.49
Hinf,Classical,,nominal,ramp,0.3984058280712065,0.3182325436828622,0.8013627026655351,68.41834710859519,0.0
Hinf,Classical,,nominal,sine,15.47923037519835,1166.3084695583111,0.9297697970643304,163.1050327642765,0.49
Hinf,Classical,,ra_plus_50,step_nominal,16.754586939627238,1103.7129855129328,0.0003323106963338,197.69214694223305,0.676
Hinf,Classical,,ra_plus_50,step_load_disturbance,17.186014847551583,1114.4196986699576,0.2075955747855465,212.25989108693605,0.716
Hinf,Classical,,ra_plus_50,ramp,0.5842021094231586,0.685549907518214,1.1798453282538746,140.50304087199848,0.0
Hinf,Classical,,ra_plus_50,sine,19.531810009982387,1540.6658796330626,1.3544574186960938,205.02775919451412,0.594
Hinf,Classical,,j_plus_50,step_nominal,18.227853789576763,1211.1089234496712,9.482071448019269e-09,211.095976260409,0.722
Hinf,Classical,,j_plus_50,step_load_disturbance,18.599746024359224,1221.7945431896148,0.1408013549031244,221.5586307906423,0.754
Hinf,Classical,,j_plus_50,ramp,0.5951507815343312,0.7115313744875873,1.201942206331415,140.4407050379168,0.0
Hinf,Classical,,j_plus_50,sine,20.68742371729796,1661.0656294093706,1.3794427032228975,210.830288033287,0.622
Hinf,Classical,,friction,step_nominal,12.415375896708197,823.965204568299,0.0352003250785568,145.88545542072868,0.492
Hinf,Classical,,friction,step_load_disturbance,12.497726536197469,824.6057850336051,0.1760015297722401,152.27409070494346,0.502
Hinf,Classical,,friction,ramp,0.4158690710011817,0.3467680199900393,0.8365630018834591,73.75696301121577,0.0
Hinf,Classical,,friction,sine,15.744377236086647,1190.9187978312425,0.9649700899687436,165.23434708569093,0.496
Hinf,Classical,,saturation,step_nominal,26.8947482345604,1800.0698049790526,12.410328991421087,288.0,1.0
Hinf,Classical,,saturation,step_load_disturbance,28.47695818537347,1894.1140437533888,22.05902136789357,288.0,1.0
Hinf,Classical,,saturation,ramp,2.5354473820589227,15.514386163149606,8.701257996030819,277.46057872232007,0.92
Hinf,Classical,,saturation,sine,26.894748234560176,2193.2257989033787,6.448788162501064,288.0,1.0
Hinf,Classical,,combined_stress,step_nominal,29.775800899153367,2040.3013576260237,23.779816709919142,288.0,1.0
Hinf,Classical,,combined_stress,step_load_disturbance,31.34468733596149,2163.0704744647733,33.31574999494058,288.0,1.0
Hinf,Classical,,combined_stress,ramp,5.3258445522884506,73.31495206749614,19.866086481435264,281.2704339977692,0.958
Hinf,Classical,,combined_stress,sine,29.77580089915315,2395.1684745709326,17.818275880999124,288.0,1.0
MPC,Classical,,nominal,step_nominal,12.14715754959009,806.2889685231982,5.076724676200683e-09,141.35643313581613,0.476
MPC,Classical,,nominal,step_load_disturbance,12.250135438057873,806.7678599262053,0.2602821648328245,147.02240115358833,0.482
MPC,Classical,,nominal,ramp,0.7314944916473185,1.0763380153326008,1.481398880017292,67.6485363880668,0.0
MPC,Classical,,nominal,sine,15.606857672925344,1166.5877234367,1.686274155914268,161.14559501108428,0.486
MPC,Classical,,ra_plus_50,step_nominal,16.76552858049849,1103.7250599074232,0.0006377560389074,196.54655646847144,0.666
MPC,Classical,,ra_plus_50,step_load_disturbance,17.220305689359467,1114.4521253010791,0.3871627414462452,210.96843098744995,0.704
MPC,Classical,,ra_plus_50,ramp,1.078221788483361,2.346944898049553,2.200141585970548,138.18596785238825,0.0
MPC,Classical,,ra_plus_50,sine,19.64985790991293,1541.0059534178847,2.4428141420108798,200.6120993674048,0.59
MPC,Classical,,j_plus_50,step_nominal,18.238621932991645,1211.12070596104,6.818925339928228e-05,209.89397712132387,0.712
MPC,Classical,,j_plus_50,step_load_disturbance,18.62374264191092,1221.8160084999529,0.2605399361176984,220.2582818665169,0.742
MPC,Classical,,j_plus_50,ramp,1.0889181025012675,2.393859576584608,2.221901658432483,138.1259586004434,0.0
MPC,Classical,,j_plus_50,sine,20.79256293793342,1661.3758366850486,2.4662087839768496,206.56992147324596,0.614
MPC,Classical,,friction,step_nominal,12.429596112142834,823.9738813943706,0.0650705512924258,145.0679987780083,0.486
MPC,Classical,,friction,step_load_disturbance,12.54060285315392,824.6344735610041,0.3253527293317603,151.38201523699595,0.494
MPC,Classical,,friction,ramp,0.7635549485154229,1.1728533386294049,1.546469416059501,72.91971279179825,0.0
MPC,Classical,,friction,sine,15.86894749170428,1191.1903599045372,1.7513446964507249,163.24629866102887,0.492
MPC,Classical,,saturation,step_nominal,26.8947482345604,1800.0698049790526,12.410328991421087,288.0,1.0
MPC,Classical,,saturation,step_load_disturbance,28.47695818537347,1894.1140437533888,22.05902136789357,288.0,1.0
MPC,Classical,,saturation,ramp,3.0188504101949576,21.050720664309328,9.703966758055,268.3480462070523,0.852
MPC,Classical,,saturation,sine,26.894748234560176,2193.2257989033787,6.448788162501064,288.0,1.0
MPC,Classical,,combined_stress,step_nominal,29.775800899153367,2040.3013576260237,23.779816709919142,288.0,1.0
MPC,Classical,,combined_stress,step_load_disturbance,31.34468733596149,2163.0704744647733,33.31574999494058,288.0,1.0
MPC,Classical,,combined_stress,ramp,5.737032359064552,82.60557377066566,20.695456926115884,275.4141632745298,0.92
MPC,Classical,,combined_stress,sine,29.77580089915315,2395.1684745709326,17.818275880999124,288.0,1.0
